userId,Adventure,Animation,Children,Comedy,Fantasy,Romance,Drama,Action,Crime,Thriller,Horror,Mystery,Sci-Fi,War,Musical,Documentary,IMAX,Western,Film-Noir,(no genres listed)
1,373.0,136.0,191.0,355.0,202.0,112.0,308.0,389.0,196.0,228.0,59.0,75.0,169.0,99.0,103.0,0.0,0.0,30.0,5.0,0.0
2,12.5,0.0,0.0,28.0,0.0,4.5,66.0,43.5,38.0,37.0,3.0,8.0,15.5,4.5,0.0,13.0,15.0,3.5,0.0,0.0
3,30.0,2.0,2.5,9.0,13.5,2.5,12.0,50.0,1.0,29.0,37.5,5.0,63.0,2.5,0.5,0.0,0.0,0.0,0.0,0.0
4,106.0,24.0,38.0,365.0,70.0,196.0,418.0,83.0,103.0,135.0,17.0,80.0,34.0,25.0,64.0,8.0,3.0,38.0,16.0,0.0
5,26.0,26.0,37.0,52.0,29.0,34.0,95.0,28.0,46.0,32.0,3.0,4.0,5.0,10.0,22.0,0.0,11.0,6.0,0.0,0.0
6,183.0,57.0,170.0,428.0,92.0,253.0,506.0,231.0,115.0,241.0,62.0,56.0,73.0,43.0,50.0,0.0,14.0,42.0,5.0,0.0
7,179.0,47.5,48.0,155.0,70.5,79.5,178.5,208.5,86.0,147.5,20.0,44.5,132.5,39.5,33.0,0.0,27.0,1.5,6.5,0.0
8,39.0,5.0,17.0,77.0,13.0,49.0,72.0,40.0,35.0,60.0,9.0,12.0,13.0,11.0,5.0,0.0,9.0,6.0,0.0,0.0
9,38.0,4.0,4.0,55.0,10.0,19.0,72.0,25.0,22.0,28.0,9.0,12.0,24.0,7.0,3.0,0.0,3.0,4.0,4.0,0.0
10,111.0,58.0,50.5,258.0,58.5,260.0,227.0,91.0,40.5,40.0,3.5,6.5,10.0,15.0,30.0,0.0,60.5,0.0,0.0,0.0
11,64.0,0.0,0.0,41.0,2.0,55.0,100.0,163.0,48.0,117.0,5.0,13.0,35.0,26.0,0.0,0.0,5.0,8.0,0.0,0.0
12,6.0,3.0,0.0,77.5,17.0,96.0,73.0,8.0,3.0,12.0,0.0,0.0,13.5,4.5,0.0,0.0,0.0,0.0,0.0,0.0
13,25.0,0.0,0.0,36.0,3.0,22.0,56.0,42.0,11.0,42.0,20.0,9.0,21.0,7.0,0.0,0.0,0.0,4.0,0.0,0.0
14,31.0,0.0,6.0,46.0,1.0,50.0,89.0,40.0,19.0,45.0,4.0,9.0,7.0,17.0,4.0,0.0,4.0,17.0,0.0,0.0
15,190.5,65.0,56.5,94.0,46.5,50.5,202.0,189.0,68.0,151.0,42.0,41.0,211.5,20.5,13.5,0.0,59.5,5.0,0.0,0.0
16,75.5,47.5,32.0,93.5,63.0,47.5,179.0,88.0,90.0,110.0,17.5,49.0,59.0,40.5,0.0,4.0,16.5,3.0,20.0,0.0
17,150.0,44.0,29.5,79.0,73.5,27.5,213.5,165.0,136.0,115.5,12.5,40.5,88.0,40.0,12.0,3.5,25.0,25.5,7.5,0.0
18,516.0,116.5,124.0,519.0,189.5,162.0,849.0,750.0,543.0,641.0,49.5,225.5,400.5,63.0,44.5,35.5,136.0,46.0,31.0,0.0
19,442.0,141.0,275.0,998.0,272.0,359.0,394.0,409.0,209.0,517.0,254.0,172.0,325.0,27.0,105.0,0.0,3.0,28.0,30.0,0.0
20,296.0,272.0,434.0,385.5,185.5,159.5,270.5,129.5,81.0,101.0,37.5,51.5,71.0,14.0,246.0,7.5,23.0,3.0,1.5,0.0
21,648.5,188.0,195.5,643.5,194.5,210.5,277.5,781.0,232.0,432.5,26.5,60.5,365.5,29.0,42.0,0.0,205.0,16.0,7.0,4.0
22,61.0,32.5,33.0,97.0,30.0,48.5,190.5,83.5,76.0,83.5,15.0,29.5,31.5,14.0,4.5,10.0,10.5,4.0,4.5,0.0
23,61.0,38.0,10.5,82.0,53.5,40.0,280.5,95.5,142.5,141.5,12.0,89.5,66.5,22.5,0.0,6.5,3.0,10.5,43.5,0.0
24,120.5,8.5,8.5,179.5,56.0,117.0,147.5,204.0,90.0,124.0,14.5,49.0,91.0,26.0,3.5,0.0,38.5,0.0,0.0,0.0
25,66.5,14.0,14.0,9.0,15.0,5.0,59.5,72.5,20.0,19.5,0.0,9.5,42.5,20.0,0.0,0.0,15.0,0.0,0.0,0.0
26,16.0,0.0,3.0,16.0,0.0,6.0,26.0,30.0,28.0,48.0,4.0,4.0,2.0,3.0,0.0,0.0,3.0,0.0,0.0,0.0
27,215.0,74.0,159.0,170.0,74.0,95.0,171.0,153.0,25.0,48.0,3.0,13.0,108.0,54.0,51.0,0.0,8.0,39.0,4.0,0.0
28,376.0,17.0,12.5,271.5,93.0,118.5,1070.5,600.5,445.5,595.0,75.0,164.0,391.5,170.0,17.5,6.5,49.0,79.0,18.0,0.0
29,87.5,3.5,8.5,39.5,15.5,26.0,210.5,124.5,60.5,83.5,8.5,30.5,74.0,95.0,9.5,8.5,20.5,40.0,5.0,0.0
30,91.0,23.0,14.0,23.0,19.0,10.0,35.0,118.0,34.0,21.5,3.0,5.0,79.0,5.0,0.0,0.0,40.0,0.0,0.0,0.0
31,60.0,20.0,29.0,85.0,37.0,60.0,55.0,65.0,10.0,49.0,7.0,5.0,34.0,5.0,23.0,5.0,0.0,0.0,0.0,0.0
32,64.0,6.0,21.0,160.0,43.0,112.0,175.0,107.0,77.0,120.0,10.0,29.0,37.0,10.0,8.0,4.0,0.0,3.0,0.0,0.0
33,39.0,23.0,31.0,222.0,21.0,212.0,436.0,56.0,102.0,109.0,9.0,33.0,29.0,33.0,24.0,0.0,3.0,4.0,10.0,0.0
34,99.0,25.5,5.5,118.5,45.5,62.0,78.0,190.5,41.5,98.0,31.0,21.5,77.0,10.5,0.0,2.0,9.5,7.0,0.0,0.0
35,21.0,3.0,8.0,39.0,8.0,32.0,38.0,16.0,19.0,19.0,0.0,5.0,3.0,2.0,3.0,0.0,8.0,7.0,0.0,0.0
36,36.5,0.0,5.5,54.0,6.0,30.5,69.0,47.5,46.5,40.5,3.0,30.0,11.5,14.5,1.5,0.0,0.0,2.0,6.5,0.0
37,30.0,3.0,7.0,33.0,7.0,6.0,33.0,26.0,29.0,37.0,5.0,0.0,17.0,4.0,7.0,0.0,5.0,4.0,0.0,0.0
38,47.0,16.0,25.0,112.0,22.0,84.0,115.0,58.0,30.0,61.0,6.0,13.0,14.0,26.0,16.0,5.0,10.0,13.0,0.0,0.0
39,124.0,79.0,72.0,112.0,60.0,36.0,144.0,119.0,110.0,97.0,58.0,30.0,84.0,4.0,50.0,0.0,4.0,4.0,7.0,0.0
40,80.0,29.0,67.0,149.0,45.0,81.0,210.0,81.0,52.0,58.0,8.0,13.0,33.0,12.0,24.0,0.0,13.0,24.0,0.0,0.0
41,88.5,44.0,29.0,299.5,55.0,199.0,446.5,98.5,176.0,183.0,35.5,66.0,46.0,38.0,9.0,3.0,9.0,8.0,8.5,0.0
42,253.0,20.0,41.0,720.0,79.0,324.0,653.0,425.0,266.0,415.0,51.0,107.0,143.0,80.0,27.0,13.0,9.0,47.0,7.0,0.0
43,159.0,65.0,158.0,199.0,83.0,113.0,186.0,134.0,68.0,125.0,23.0,18.0,70.0,12.0,60.0,0.0,15.0,12.0,0.0,0.0
44,69.0,11.0,7.0,78.0,7.0,27.0,43.0,76.0,16.0,54.0,7.0,3.0,28.0,0.0,3.0,0.0,0.0,0.0,0.0,0.0
45,397.5,137.5,208.5,814.5,169.0,270.5,488.5,425.0,214.0,341.5,64.5,80.0,279.0,62.0,116.0,4.0,33.0,11.0,0.0,0.0
46,53.0,20.0,20.0,47.0,14.0,27.0,60.0,70.0,48.0,71.0,9.0,13.0,28.0,13.0,15.0,0.0,10.0,13.0,0.0,0.0
47,29.5,0.0,9.0,86.5,17.5,84.0,345.0,22.5,65.5,62.5,12.5,21.5,28.5,17.5,20.5,23.0,17.5,3.5,0.0,0.0
48,52.5,17.5,17.5,33.5,22.5,16.0,32.0,88.5,8.5,59.5,13.0,9.0,75.0,0.0,8.5,0.0,8.5,0.0,0.0,0.0
49,17.0,16.0,20.5,20.0,0.0,4.0,43.5,30.5,12.5,17.0,8.5,8.5,39.0,17.0,0.0,0.0,13.0,0.0,0.0,0.0
50,198.0,139.0,95.0,313.5,124.5,93.0,383.0,198.5,132.0,161.0,42.0,64.5,127.5,38.0,38.5,44.0,45.5,19.0,7.0,5.5
51,255.0,52.0,94.0,624.0,155.0,270.0,488.0,316.5,200.0,301.0,195.5,85.0,234.0,47.0,50.5,10.0,19.5,32.0,12.5,0.0
52,179.0,62.5,58.0,155.0,50.0,79.0,283.0,331.0,166.5,233.5,26.0,56.0,124.0,52.5,14.0,13.5,72.0,8.0,0.0,0.0
53,5.0,0.0,0.0,30.0,0.0,30.0,50.0,20.0,10.0,15.0,5.0,5.0,10.0,5.0,10.0,0.0,0.0,0.0,5.0,0.0
54,18.0,9.0,14.0,38.0,9.0,19.0,47.0,20.0,25.0,42.0,4.0,9.0,12.0,10.0,6.0,0.0,6.0,3.0,0.0,0.0
55,10.5,0.5,2.5,23.0,7.0,2.5,35.0,29.0,43.5,36.5,0.0,7.0,4.0,4.5,0.5,0.0,0.0,0.0,0.0,0.0
56,47.0,5.0,8.0,63.0,10.0,17.0,67.0,86.0,46.0,80.0,11.0,8.0,32.0,13.0,5.0,0.0,5.0,0.0,0.0,0.0
57,453.0,124.0,144.0,694.0,171.0,340.0,614.0,571.0,239.0,404.0,48.0,129.0,299.0,141.0,104.0,4.0,15.0,70.0,54.0,0.0
58,64.0,35.0,47.0,177.0,44.0,120.0,197.0,99.0,62.0,129.0,7.0,27.0,37.0,21.0,40.0,0.0,13.0,10.0,0.0,0.0
59,81.0,9.0,9.0,95.0,26.0,92.0,276.0,136.0,76.0,176.0,25.0,81.0,50.0,118.0,0.0,9.0,5.0,0.0,28.0,0.0
60,21.0,7.0,17.0,7.0,6.0,17.0,59.0,12.0,24.0,21.0,0.0,7.0,0.0,12.0,7.0,0.0,5.0,0.0,0.0,0.0
61,20.0,0.0,0.0,17.5,17.0,12.5,75.5,42.5,54.5,62.5,20.0,22.0,33.5,12.5,0.0,0.0,0.0,15.5,0.0,0.0
62,531.0,47.5,87.5,352.5,276.5,174.0,616.5,666.0,281.5,477.5,84.5,181.5,457.0,79.0,20.5,0.0,207.0,22.5,4.5,13.5
63,314.0,140.0,114.0,412.5,136.5,115.5,342.0,387.0,212.5,244.0,36.5,82.0,198.0,55.5,42.0,30.5,71.0,4.0,22.0,0.0
64,387.0,128.0,187.0,787.5,256.0,393.0,928.5,449.5,365.0,510.0,205.5,205.5,210.5,116.5,106.0,24.5,26.0,35.5,12.0,0.0
65,26.5,0.0,0.0,18.5,14.5,11.0,103.0,59.5,46.0,49.0,0.0,25.5,36.5,23.0,0.0,0.0,26.0,0.0,0.0,0.0
66,270.0,67.0,75.5,581.5,164.0,252.5,629.5,395.5,236.0,321.5,102.0,105.5,178.0,61.5,25.5,0.0,5.0,45.5,19.5,0.0
67,50.5,19.5,19.5,73.5,18.5,15.5,52.5,86.5,42.0,38.0,0.0,7.0,36.5,13.0,0.0,0.0,4.0,7.5,0.0,0.0
68,992.5,266.5,332.5,1679.5,464.0,959.5,1573.5,1336.5,595.0,1064.5,293.0,256.0,646.0,163.5,164.0,125.0,220.0,74.5,11.5,0.0
69,52.0,0.0,0.0,42.0,5.0,17.0,82.0,80.0,32.0,54.0,23.0,23.0,74.0,8.0,0.0,0.0,0.0,20.0,4.0,0.0
70,35.0,4.0,18.5,74.5,18.5,62.5,225.0,15.0,30.5,9.0,4.5,8.0,25.5,21.5,0.0,9.0,4.0,4.0,0.0,0.0
71,61.0,5.0,19.0,29.0,16.0,27.0,28.0,81.0,16.0,56.0,0.0,7.0,37.0,4.0,3.0,0.0,0.0,0.0,0.0,0.0
72,42.0,0.0,0.0,34.5,0.0,33.0,83.0,70.5,36.0,59.0,13.0,17.5,42.5,17.5,0.0,0.0,8.5,4.0,0.0,0.0
73,245.0,85.5,84.5,434.5,92.0,124.0,274.5,281.0,110.0,140.5,19.0,52.5,146.0,24.0,15.5,0.0,105.0,9.5,0.0,0.0
74,46.0,0.0,0.0,117.5,27.0,119.0,680.0,57.0,153.5,207.5,40.0,68.5,31.5,46.0,4.0,5.0,0.0,20.5,19.0,0.0
75,88.0,21.0,21.0,30.5,30.5,35.5,74.5,112.5,31.5,80.5,14.0,41.5,85.5,9.5,13.0,0.0,4.5,9.0,0.0,0.0
76,73.0,5.0,10.0,103.0,31.5,19.0,166.0,107.5,131.5,139.5,59.0,54.5,80.0,28.0,3.0,3.5,21.0,14.0,0.0,0.0
77,69.0,5.0,5.0,14.5,24.0,9.5,29.5,84.0,17.5,23.5,0.0,8.5,44.5,0.0,0.0,0.0,26.5,0.0,0.0,0.0
78,75.0,4.5,7.5,88.5,7.5,21.0,34.0,112.5,40.0,78.5,10.0,7.0,57.5,9.0,1.5,0.0,8.0,2.0,0.0,0.0
79,85.0,0.0,0.0,58.0,16.0,24.0,91.0,168.0,54.0,97.0,25.0,9.0,61.0,24.0,18.0,26.0,0.0,0.0,5.0,0.0
80,138.5,4.0,12.0,42.0,56.5,17.5,299.5,335.5,190.5,506.5,194.0,161.0,230.5,24.5,0.0,0.0,102.5,0.0,4.0,0.0
81,27.0,4.0,4.0,15.0,1.0,7.0,23.0,36.0,19.0,37.0,0.0,8.0,23.0,8.0,4.0,0.0,5.0,0.0,0.0,0.0
82,249.5,39.5,60.0,392.5,84.5,115.0,159.5,408.0,179.5,218.0,47.0,44.0,134.0,27.0,22.5,3.0,6.5,29.0,1.0,0.0
83,105.0,34.5,28.5,69.0,48.0,73.5,265.0,123.0,47.5,87.0,25.0,40.0,85.0,82.5,16.5,2.0,41.0,0.5,0.0,0.0
84,89.0,6.0,57.0,408.0,57.0,344.0,641.0,114.0,123.0,168.0,39.0,59.0,47.0,74.0,64.0,15.0,5.0,32.0,11.0,0.0
85,5.0,0.0,5.0,20.0,5.0,24.0,115.0,1.0,2.0,3.0,0.0,11.0,4.0,11.0,0.0,0.0,0.0,0.0,0.0,0.0
86,109.5,48.5,44.5,57.0,71.0,65.5,106.5,119.5,37.0,70.5,8.0,25.5,66.5,19.0,8.0,0.0,27.0,4.0,0.0,0.0
87,19.5,13.0,19.0,38.0,21.5,8.5,43.0,9.0,0.0,11.0,7.0,4.0,25.5,0.0,4.0,0.0,0.0,0.0,0.0,0.0
88,32.0,0.0,1.0,38.5,23.5,10.5,137.5,72.0,77.5,90.5,12.5,42.5,26.5,17.0,0.0,0.0,14.0,8.0,0.0,0.0
89,306.5,362.0,385.5,1656.5,197.5,340.0,361.5,192.5,146.0,78.5,144.0,55.5,111.5,45.0,58.0,18.0,33.0,18.0,0.0,3.0
90,15.0,3.0,7.0,89.0,7.0,77.0,139.0,12.0,22.0,24.0,4.0,4.0,16.0,4.0,13.0,17.0,0.0,0.0,0.0,0.0
91,494.5,139.0,115.5,620.5,249.5,219.0,668.5,740.0,353.0,715.5,363.5,172.5,442.0,70.0,65.0,28.0,26.5,64.5,7.0,0.0
92,31.0,12.0,32.0,37.0,18.0,17.5,38.5,14.0,3.0,10.5,11.5,4.0,11.0,8.5,13.5,0.0,4.5,0.0,0.0,0.0
93,235.0,15.0,69.0,148.0,81.0,100.0,117.0,199.0,35.0,96.0,13.0,9.0,99.0,20.0,4.0,0.0,5.0,16.0,0.0,0.0
94,59.0,8.0,22.0,60.0,17.0,23.0,70.0,61.0,35.0,67.0,4.0,10.0,30.0,15.0,8.0,0.0,8.0,10.0,0.0,0.0
95,192.0,23.5,21.0,231.0,44.0,121.0,295.5,246.5,145.0,188.5,20.0,51.0,247.5,17.0,11.0,9.0,16.5,0.0,12.0,0.0
96,104.0,10.0,21.0,79.0,29.0,39.0,125.0,143.0,63.0,103.0,16.0,31.0,61.0,20.0,8.0,0.0,5.0,4.0,5.0,0.0
97,60.0,9.0,13.0,37.0,10.0,22.0,47.0,92.0,27.0,50.0,5.0,0.0,31.0,15.0,0.0,0.0,4.0,0.0,0.0,0.0
98,126.0,79.5,77.0,140.0,65.0,62.0,139.5,101.5,25.5,62.5,47.0,23.0,92.0,14.0,26.5,0.0,39.5,0.0,0.0,0.0
99,36.0,5.0,5.0,89.0,0.0,47.0,79.0,80.0,58.0,84.0,10.0,11.0,17.0,7.0,5.0,0.0,5.0,13.0,0.0,0.0
100,68.5,7.0,24.0,334.0,39.5,323.0,294.5,103.5,49.5,69.0,12.0,18.5,25.0,24.0,49.0,0.0,4.5,21.5,0.0,0.0
101,30.0,12.0,8.0,84.0,11.0,18.0,98.0,50.0,28.0,49.0,18.0,20.0,27.0,0.0,8.0,0.0,4.0,0.0,0.0,0.0
102,44.0,8.0,15.0,75.0,0.0,46.0,67.0,75.0,47.0,80.0,7.0,11.0,17.0,11.0,8.0,0.0,7.0,17.0,0.0,0.0
103,392.0,201.0,323.0,596.0,265.5,211.0,724.5,315.5,276.5,254.5,54.0,100.0,135.0,50.0,104.5,7.0,94.5,35.5,19.0,0.0
104,276.0,162.0,210.0,646.5,169.5,352.0,262.5,162.5,56.0,88.0,9.5,28.0,101.0,26.5,153.5,0.0,54.0,8.5,4.5,0.0
105,550.5,461.0,255.0,988.0,342.0,497.5,1506.0,646.5,562.5,598.5,122.0,297.5,372.5,181.0,54.5,98.0,129.5,28.0,25.0,14.5
106,111.0,8.5,20.5,28.0,90.0,5.0,39.5,81.5,10.0,28.5,7.0,18.0,23.5,0.0,0.0,0.0,52.5,0.0,0.0,0.0
107,49.0,4.0,12.0,48.0,16.0,21.0,72.0,40.0,26.0,33.0,4.0,4.0,17.0,13.0,0.0,0.0,5.0,13.0,0.0,0.0
108,40.0,7.0,12.0,115.0,6.0,155.0,197.0,36.0,23.0,46.0,2.0,19.0,55.0,7.0,5.0,0.0,3.0,5.0,0.0,0.0
109,52.0,18.0,33.0,152.0,26.0,81.0,217.0,89.0,79.0,122.0,16.0,17.0,38.0,23.0,19.0,3.0,6.0,20.0,3.0,0.0
110,18.5,0.0,4.0,75.0,0.0,30.5,114.0,49.5,52.0,54.5,4.5,15.5,13.5,23.5,0.0,5.0,0.0,0.0,0.0,0.0
111,367.0,192.0,210.5,1581.5,232.5,384.0,459.0,457.5,305.0,288.0,75.5,99.5,147.0,20.5,92.5,81.0,88.0,13.5,0.0,15.0
112,81.5,14.0,12.0,37.0,24.5,19.5,89.0,111.0,53.5,75.0,8.5,23.0,75.5,18.0,3.5,0.0,27.5,4.0,0.0,0.0
113,22.0,12.0,35.0,222.0,33.0,318.0,351.0,25.0,61.0,111.0,30.0,71.0,13.0,23.0,21.0,0.0,0.0,0.0,9.0,0.0
114,75.5,15.5,19.5,39.0,42.5,15.0,26.0,45.5,11.5,18.0,8.0,4.5,33.0,0.0,3.5,0.0,31.0,0.0,0.0,0.0
115,131.0,51.0,55.0,189.0,50.0,29.0,101.0,165.0,51.0,126.0,76.0,45.0,74.0,29.0,36.0,0.0,8.0,60.0,4.0,0.0
116,77.0,10.5,16.0,112.0,29.0,111.0,107.0,113.0,35.0,77.5,24.5,19.0,46.5,24.0,27.0,0.0,1.0,4.5,0.0,0.0
117,108.0,52.0,88.0,198.0,60.0,141.0,249.0,140.0,81.0,151.0,19.0,20.0,51.0,35.0,49.0,0.0,12.0,19.0,0.0,0.0
118,10.0,0.0,0.0,21.0,0.0,5.0,60.0,14.0,35.0,23.0,3.0,7.0,4.0,8.0,0.0,0.0,0.0,4.0,0.0,0.0
119,296.5,132.5,107.0,289.0,108.0,77.5,377.0,405.5,205.5,278.5,24.0,47.0,151.5,53.0,5.0,15.5,93.0,15.5,4.0,0.0
120,32.0,6.0,12.0,32.0,8.0,18.0,25.0,25.0,10.0,20.0,3.0,6.0,15.0,0.0,8.0,0.0,0.0,0.0,0.0,0.0
121,30.0,7.0,7.0,64.0,13.0,58.0,89.0,52.0,39.0,66.0,6.0,6.0,12.0,17.0,3.0,3.0,6.0,13.0,0.0,0.0
122,362.0,106.0,86.5,532.0,161.0,116.5,521.5,448.5,275.0,401.0,174.5,125.5,358.5,50.0,19.5,9.0,89.0,36.5,5.0,0.0
123,54.5,12.0,8.5,19.5,19.0,11.5,137.5,94.5,76.5,126.0,4.0,42.0,65.0,12.5,0.0,0.0,25.5,4.5,0.0,0.0
124,49.5,21.5,21.0,78.0,7.5,30.0,101.5,33.0,48.0,50.5,7.0,23.0,29.0,8.5,0.0,0.0,0.0,0.0,4.0,0.0
125,268.0,106.0,69.5,572.5,161.5,234.0,632.5,422.5,213.0,357.5,108.5,103.5,345.5,41.0,23.5,2.5,79.5,15.5,11.5,4.5
126,39.0,12.0,17.0,33.0,11.0,21.0,56.0,53.0,33.0,56.0,4.0,5.0,16.0,11.0,12.0,0.0,13.0,4.0,0.0,0.0
127,0.5,0.5,2.5,30.0,4.0,11.0,35.5,4.0,4.0,16.0,1.0,14.0,1.0,5.0,4.0,0.0,0.0,4.0,5.0,0.0
128,36.0,0.0,0.0,46.0,8.0,47.0,48.0,43.0,29.0,42.0,12.0,38.0,13.0,5.0,15.0,0.0,0.0,0.0,12.0,0.0
129,270.5,90.5,71.0,150.5,122.5,99.0,151.5,305.0,57.0,141.5,24.5,39.0,167.5,34.0,36.5,0.0,31.5,0.0,4.5,0.0
130,35.0,7.0,11.0,35.0,12.0,9.0,50.0,38.0,25.0,36.0,4.0,0.0,14.0,9.0,4.0,0.0,6.0,3.0,0.0,0.0
131,54.0,3.5,0.0,40.0,17.0,20.5,143.5,68.5,87.0,96.0,15.0,36.0,52.5,22.5,0.0,3.0,16.0,2.0,4.0,0.0
132,178.5,93.0,128.0,454.0,176.5,356.5,565.0,163.5,188.0,223.0,70.0,96.0,118.0,23.5,93.0,5.5,34.5,7.5,15.5,0.0
133,18.0,3.0,3.0,27.0,3.0,13.0,42.0,37.0,32.0,54.0,5.0,11.0,13.0,11.0,3.0,0.0,3.0,2.0,0.0,0.0
134,41.0,17.0,17.0,28.0,11.0,20.0,53.0,59.0,30.0,43.0,12.0,7.0,21.0,9.0,14.0,0.0,8.0,12.0,0.0,0.0
135,252.0,28.0,68.0,443.0,172.0,127.0,323.0,373.0,185.0,345.0,84.0,90.0,200.0,31.0,37.0,9.0,0.0,12.0,3.0,0.0
136,73.0,15.0,27.0,136.0,31.0,68.0,139.0,126.0,65.0,108.0,28.0,21.0,42.0,24.0,14.0,0.0,10.0,15.0,0.0,0.0
137,128.5,19.0,32.0,140.5,56.5,109.0,307.0,123.0,75.5,106.5,49.0,46.0,96.0,80.0,20.0,26.5,7.0,12.0,20.5,0.0
138,24.5,12.5,12.5,36.5,10.0,20.0,34.0,37.5,5.0,5.5,0.0,0.5,12.0,1.5,0.0,0.0,5.0,0.0,0.0,0.0
139,198.5,37.0,31.5,99.5,89.5,30.0,122.5,244.0,74.0,150.5,35.0,48.0,135.5,28.0,10.0,0.0,81.0,8.0,0.0,0.0
140,422.0,50.5,165.5,508.0,104.5,414.0,1266.5,617.5,449.5,623.0,24.5,143.5,133.5,243.5,46.5,10.5,21.0,151.5,17.5,0.0
141,220.5,91.0,89.5,345.5,111.5,91.5,194.5,188.5,106.5,101.5,20.0,30.0,112.0,20.0,26.5,0.0,71.0,8.5,2.5,0.0
142,34.0,13.0,17.0,37.0,8.0,24.0,70.0,43.0,35.0,71.0,5.0,9.0,9.0,14.0,13.0,0.0,13.0,4.0,0.0,0.0
143,45.5,42.0,41.0,200.5,34.0,141.5,59.0,19.5,7.0,8.0,1.0,4.0,12.5,9.0,10.0,5.0,16.0,0.0,0.0,0.0
144,143.0,53.0,65.0,190.5,68.0,148.5,197.5,126.5,70.5,108.0,23.5,32.0,42.0,22.0,35.0,7.0,11.5,14.5,0.0,0.0
145,36.0,13.0,13.0,27.0,9.0,10.0,31.0,23.0,25.0,32.0,0.0,5.0,11.0,4.0,8.0,0.0,7.0,4.0,0.0,0.0
146,7.0,7.5,22.5,37.5,17.0,39.0,41.5,10.5,18.0,31.5,10.0,18.0,11.5,3.0,0.0,0.0,3.0,0.0,0.0,0.0
147,9.5,3.0,3.0,46.5,3.0,20.0,20.5,21.0,13.0,14.0,4.5,0.0,9.0,5.5,3.0,0.0,0.0,4.5,0.0,0.0
148,113.5,70.5,49.0,52.0,81.5,53.5,52.5,64.0,5.0,21.5,0.0,9.5,36.5,8.5,20.5,0.0,60.0,0.0,0.0,0.0
149,70.0,10.0,8.0,28.0,6.0,4.0,20.0,97.0,7.0,51.0,23.0,5.0,151.0,5.0,0.0,0.0,0.0,2.0,0.0,0.0
150,26.0,0.0,3.0,31.0,6.0,17.0,35.0,36.0,15.0,55.0,0.0,12.0,14.0,0.0,3.0,0.0,0.0,0.0,0.0,0.0
151,52.0,21.0,50.0,141.0,47.0,36.0,48.0,35.0,9.0,51.0,21.0,3.0,15.0,0.0,14.0,0.0,0.0,0.0,0.0,0.0
152,35.0,4.5,4.5,60.0,9.5,28.0,166.0,61.0,91.0,101.0,4.5,32.5,29.0,26.0,3.5,17.5,10.5,0.0,4.0,0.0
153,63.5,27.5,38.0,160.0,48.5,139.0,304.0,32.5,25.5,38.5,4.5,13.5,34.0,14.5,23.0,1.0,12.0,1.5,2.5,0.0
154,96.0,37.0,39.5,35.5,38.5,15.0,28.0,92.0,16.0,10.0,0.0,10.0,71.0,9.0,0.0,0.0,62.0,0.0,0.0,0.0
155,77.0,25.0,33.0,92.0,16.0,16.0,23.0,75.0,25.0,25.0,4.0,0.0,40.0,8.0,3.0,0.0,0.0,4.0,0.0,0.0
156,175.5,36.5,72.0,722.0,116.5,378.5,824.5,158.0,271.5,234.5,21.0,143.5,82.5,108.5,75.0,11.5,4.0,22.5,56.0,0.0
157,21.0,4.0,12.0,42.0,7.0,5.0,33.0,17.0,13.0,13.0,0.0,7.0,6.0,5.0,0.0,0.0,0.0,0.0,0.0,0.0
158,13.5,0.0,2.5,32.0,18.0,12.0,23.5,26.0,18.0,36.0,18.5,4.0,16.0,0.0,0.0,4.0,0.0,0.0,0.0,0.0
159,70.5,49.5,39.0,174.5,51.5,166.0,181.5,27.5,11.0,23.0,0.0,4.0,14.5,11.0,17.0,0.0,13.0,0.0,0.0,0.0
160,268.5,94.0,150.5,330.0,172.0,153.5,492.0,402.0,217.5,384.0,140.5,108.0,324.5,65.0,77.5,0.0,15.0,7.0,10.0,0.0
161,59.0,55.5,64.0,96.5,32.0,39.0,33.5,15.5,14.0,11.5,4.0,4.0,24.5,0.0,28.5,9.0,0.0,0.0,0.0,0.0
162,12.0,4.0,4.0,40.0,3.0,58.0,149.0,20.0,40.0,36.0,0.0,4.0,4.0,14.0,4.0,0.0,4.0,8.0,0.0,0.0
163,4.0,0.0,4.0,37.0,2.0,22.0,30.0,14.0,5.0,24.0,6.0,15.0,5.0,0.0,0.0,0.0,0.0,0.0,3.0,0.0
164,77.0,0.0,8.0,17.0,7.0,15.0,39.0,139.0,11.0,55.0,8.0,0.0,68.0,10.0,0.0,0.0,0.0,5.0,0.0,0.0
165,66.0,8.0,10.0,76.0,15.0,55.0,112.0,108.0,60.0,70.0,7.0,12.0,36.0,7.0,4.0,0.0,0.0,10.0,0.0,0.0
166,216.5,67.5,63.0,211.5,117.0,118.0,350.0,335.5,218.5,273.0,52.5,79.5,137.0,45.5,13.5,8.0,31.0,13.0,14.0,0.0
167,225.5,98.0,118.5,334.5,164.0,74.5,121.0,179.5,99.5,96.0,32.5,17.5,120.5,16.5,53.5,0.0,32.5,5.5,4.5,0.0
168,42.0,13.5,22.0,106.5,22.0,65.5,288.0,72.5,116.0,112.0,9.0,80.5,9.0,59.5,9.0,9.5,0.0,24.0,28.5,0.0
169,221.0,104.0,198.5,612.5,183.0,345.5,452.5,162.0,94.5,114.5,22.5,25.0,96.0,43.5,221.0,13.0,26.5,13.0,0.0,0.0
170,38.0,16.0,30.0,53.0,13.0,45.0,87.0,59.0,23.0,60.0,4.0,3.0,10.0,16.0,16.0,0.0,9.0,15.0,0.0,0.0
171,102.0,38.0,51.0,143.0,66.0,36.0,159.0,96.0,86.0,89.0,14.0,38.0,47.0,9.0,36.0,0.0,0.0,24.0,0.0,0.0
172,37.5,3.5,7.5,36.0,19.5,5.0,34.5,37.0,11.5,18.5,22.5,4.5,15.5,11.0,3.5,0.0,0.0,3.5,0.0,0.0
173,24.0,6.0,12.0,42.0,9.0,26.0,41.0,25.0,7.0,17.0,3.0,0.0,14.0,13.0,6.0,0.0,7.0,0.0,0.0,0.0
174,70.0,7.0,17.0,101.0,17.0,55.0,96.0,90.0,31.0,90.0,7.0,18.0,38.0,9.0,7.0,0.0,8.0,16.0,0.0,0.0
175,0.0,0.0,8.5,33.5,0.0,38.5,60.5,0.0,0.0,1.0,0.5,0.0,1.5,0.0,12.5,0.0,0.0,0.0,0.0,0.0
176,57.0,3.0,3.0,41.0,3.0,17.0,51.0,74.0,27.0,67.0,5.0,5.0,21.0,9.0,3.0,0.0,4.0,17.0,0.0,0.0
177,703.5,357.5,481.0,1291.0,507.0,819.5,1377.5,661.0,431.5,631.5,185.0,225.0,320.0,125.5,271.5,11.5,203.5,43.5,28.0,0.0
178,67.5,11.5,15.0,95.5,29.0,77.5,166.0,89.5,68.0,109.0,13.0,26.5,41.0,36.5,4.0,7.5,6.5,4.5,0.0,0.0
179,67.0,8.0,16.0,107.0,15.0,37.0,92.0,99.0,52.0,115.0,11.0,14.0,35.0,15.0,4.0,0.0,8.0,4.0,0.0,0.0
180,37.5,4.0,4.0,30.5,25.0,7.0,25.5,38.0,9.0,20.0,6.5,0.0,30.5,3.5,0.0,0.0,0.0,0.0,3.5,0.0
181,52.0,14.0,32.0,146.0,33.0,82.0,159.0,99.0,56.0,140.0,11.0,16.0,20.0,19.0,20.0,0.0,4.0,16.0,0.0,0.0
182,536.5,111.0,90.0,1134.5,286.5,591.5,1891.0,819.5,702.0,946.5,185.0,305.0,485.5,241.5,72.0,49.0,18.0,38.0,46.5,0.0
183,75.0,0.0,3.0,28.0,3.0,13.0,73.0,176.0,33.0,80.0,21.0,4.0,52.0,34.0,4.0,0.0,0.0,15.0,0.0,0.0
184,133.5,99.5,22.5,96.5,67.0,25.0,167.0,219.5,48.5,109.0,15.5,53.5,156.5,24.0,0.0,35.5,47.0,0.0,0.0,4.5
185,42.0,45.0,52.0,67.0,26.0,75.0,79.0,11.0,16.0,28.0,3.0,13.0,5.0,3.0,45.0,0.0,8.0,0.0,0.0,0.0
186,391.0,66.0,150.0,295.0,182.0,168.0,273.0,340.0,69.0,239.0,82.0,65.0,360.0,28.0,73.0,4.0,13.0,17.0,12.0,0.0
187,183.0,96.0,32.5,247.0,139.0,98.5,548.0,253.0,243.0,314.0,134.5,111.5,154.0,62.0,17.0,68.5,13.0,24.5,35.5,0.0
188,5.0,9.0,19.0,99.0,19.0,73.0,100.0,8.0,4.0,38.0,0.0,38.0,3.0,20.0,66.0,0.0,0.0,4.0,15.0,0.0
189,28.0,8.5,8.5,8.0,20.0,8.0,46.5,37.0,37.0,25.0,8.0,8.5,8.5,8.5,0.0,0.0,20.5,0.0,0.0,0.0
190,75.0,19.0,23.5,91.0,53.0,70.0,145.0,56.0,66.0,59.5,0.0,44.0,32.0,17.0,3.5,7.0,27.0,0.0,4.0,0.0
191,35.0,14.0,19.0,115.0,18.0,79.0,215.0,37.0,55.0,77.0,0.0,21.0,14.0,13.0,0.0,20.0,2.0,1.0,5.0,0.0
192,36.0,0.0,0.0,20.0,3.0,14.0,48.0,47.0,19.0,53.0,3.0,7.0,17.0,12.0,0.0,0.0,5.0,12.0,0.0,0.0
193,52.5,12.0,2.0,27.5,21.0,25.0,88.5,32.5,31.5,40.0,8.5,9.0,28.5,7.0,0.0,0.0,4.0,0.0,0.0,0.0
194,11.5,2.0,2.0,37.5,0.0,25.5,29.0,25.0,10.5,13.5,3.5,3.5,7.0,13.0,8.5,0.0,0.0,3.0,3.5,0.0
195,99.0,7.0,16.0,189.0,25.0,95.0,403.0,160.0,151.0,206.0,39.0,71.0,61.0,48.0,6.0,0.0,4.0,14.0,6.0,0.0
196,48.0,9.0,9.0,6.5,5.0,0.0,63.0,57.5,21.5,43.0,7.5,13.0,27.0,9.5,5.0,0.0,18.5,0.0,0.0,0.0
197,14.0,0.0,0.0,42.0,0.0,25.0,65.0,62.0,44.0,53.0,5.0,7.0,35.0,6.0,0.0,0.0,0.0,8.0,0.0,0.0
198,130.0,16.0,19.0,224.0,38.0,192.0,476.0,183.0,148.0,226.0,47.0,109.0,213.0,50.0,4.0,0.0,7.0,15.0,14.0,0.0
199,155.5,1.0,7.0,434.0,42.0,271.5,731.5,289.5,304.0,303.0,42.0,107.5,100.5,170.5,4.5,15.5,11.0,31.0,17.0,0.0
200,345.5,40.0,82.0,666.0,149.5,368.0,444.5,415.5,190.5,262.0,31.0,56.5,171.5,41.5,66.0,4.0,48.0,10.5,14.0,0.0
201,136.0,23.0,41.0,244.0,61.0,142.0,148.0,151.0,44.0,97.0,25.0,21.0,145.0,15.0,12.0,0.0,4.0,7.0,1.0,0.0
202,364.0,47.0,65.0,414.0,132.0,304.0,876.0,494.0,227.0,399.0,44.0,136.0,243.0,127.0,35.0,14.0,8.0,63.0,23.0,0.0
203,68.5,11.5,15.0,44.5,45.0,7.0,69.0,79.0,41.5,63.0,4.0,12.5,33.5,9.5,0.0,0.0,16.0,7.5,0.0,0.0
204,49.5,51.5,42.5,102.5,45.0,27.5,170.5,74.0,96.5,130.0,29.5,47.5,45.0,31.0,0.0,0.0,22.5,3.5,11.5,0.0
205,55.0,4.0,11.5,15.5,38.0,13.0,42.0,48.0,9.0,19.5,0.0,12.5,12.5,16.0,5.5,5.0,30.0,4.5,0.0,0.0
206,29.0,14.0,17.0,34.0,13.0,35.0,55.0,23.0,10.0,31.0,0.0,11.0,10.0,0.0,12.0,0.0,0.0,5.0,0.0,0.0
207,20.0,0.0,0.5,14.5,7.0,6.0,19.0,16.5,3.5,24.0,12.0,0.0,8.0,0.0,0.0,0.0,0.0,3.5,0.0,0.0
208,25.0,0.0,0.0,15.0,3.0,10.0,35.0,61.0,17.0,48.0,9.0,14.0,23.0,12.0,0.0,0.0,0.0,0.0,0.0,0.0
209,51.5,4.0,4.0,24.5,23.0,16.5,94.5,71.5,42.0,51.5,12.0,27.5,24.0,13.5,0.0,0.0,22.0,0.0,0.0,0.0
210,385.0,94.5,112.5,113.0,155.5,35.5,124.5,281.5,19.5,81.0,10.0,26.0,344.5,9.5,0.0,0.0,115.0,0.0,0.0,4.0
211,131.0,19.5,23.0,79.5,31.0,31.0,142.5,202.5,122.5,155.5,7.0,51.5,97.0,28.0,16.5,0.0,47.0,0.0,4.0,0.0
212,311.0,134.5,110.5,314.5,164.0,87.0,336.0,378.5,171.0,189.0,48.0,67.0,175.5,34.0,22.5,0.0,96.5,14.0,4.0,3.5
213,113.5,28.0,38.0,80.5,67.0,45.0,111.0,137.5,31.0,123.0,48.5,28.0,62.0,15.5,5.0,0.0,29.5,0.0,0.0,0.0
214,17.0,6.0,9.0,22.0,14.0,22.0,27.0,14.0,3.0,17.0,0.0,6.0,11.0,0.0,6.0,0.0,0.0,0.0,0.0,0.0
215,65.0,0.0,4.5,161.0,35.5,106.5,216.5,83.0,76.0,64.5,12.5,36.0,30.0,33.5,0.0,5.0,4.0,2.5,4.0,0.0
216,69.0,63.0,64.0,396.0,61.0,152.0,228.0,67.0,84.0,90.0,9.0,36.0,30.0,17.0,79.0,5.0,8.0,12.0,39.0,0.0
217,513.0,81.0,209.0,797.0,190.0,192.0,474.0,679.0,251.0,467.0,69.0,98.0,297.0,76.0,70.0,0.0,0.0,34.0,9.0,0.0
218,28.0,0.0,0.0,38.0,6.0,11.0,22.0,25.0,11.5,17.5,7.5,12.5,16.5,12.0,6.5,0.0,8.0,0.0,4.5,0.0
219,490.0,141.5,127.5,621.5,193.5,178.0,529.5,768.5,423.0,651.5,93.5,197.0,356.0,41.0,47.5,15.0,67.5,17.0,33.5,0.0
220,341.0,108.0,116.0,302.5,100.5,93.0,242.5,375.5,146.5,244.5,18.0,39.5,222.5,27.0,34.5,4.0,78.5,23.0,0.0,0.0
221,149.5,16.5,26.0,430.5,80.5,226.5,820.5,194.5,339.5,268.5,59.5,176.0,96.0,114.5,23.0,57.5,2.5,69.5,80.0,0.0
222,111.5,24.0,24.5,348.5,31.5,126.0,372.0,246.0,218.0,172.0,17.5,47.5,92.5,48.0,16.5,5.5,35.0,14.5,9.0,0.0
223,81.5,30.5,35.5,83.0,51.5,62.0,97.0,90.0,41.5,80.0,12.0,28.5,44.5,6.5,11.0,4.0,24.5,3.0,4.0,0.0
224,25.0,4.0,13.0,162.0,38.0,125.0,91.0,23.0,13.0,14.0,5.0,5.0,13.0,16.0,0.0,0.0,0.0,0.0,0.0,0.0
225,46.0,7.0,7.0,189.0,31.0,53.0,58.0,37.0,23.0,49.0,84.0,25.0,35.0,1.0,7.0,0.0,0.0,0.0,0.0,0.0
226,444.0,128.5,235.5,995.0,277.5,295.0,586.5,384.0,282.5,307.5,103.5,128.0,241.5,39.5,113.5,25.0,52.0,35.5,0.0,0.0
227,84.5,17.0,13.0,75.5,28.0,61.5,256.5,118.5,99.0,130.0,4.5,38.0,83.0,47.5,8.5,16.0,35.0,4.5,4.0,0.0
228,28.5,7.0,6.0,5.5,4.0,6.0,21.5,53.5,16.0,46.5,20.0,8.5,44.5,4.0,0.0,0.0,0.0,0.0,0.0,0.0
229,49.0,9.0,20.0,101.0,21.0,50.0,110.0,74.0,53.0,82.0,7.0,4.0,18.0,13.0,4.0,0.0,9.0,3.0,0.0,0.0
230,152.5,46.0,61.5,153.0,74.0,73.5,106.5,176.0,47.0,124.0,44.0,22.5,98.0,4.5,24.0,0.0,34.5,2.5,0.0,0.0
231,27.5,0.0,0.0,13.0,3.0,14.0,31.0,48.5,31.0,26.0,13.0,0.0,37.5,2.0,0.0,0.0,8.0,0.0,0.0,0.0
232,633.0,209.5,346.5,1154.0,360.5,501.0,1142.5,910.0,450.5,813.0,233.5,209.5,400.5,125.5,147.0,49.5,134.0,22.5,4.5,0.0
233,121.5,36.0,37.5,136.5,70.5,64.5,287.5,143.0,146.0,138.0,16.0,52.5,76.5,41.5,13.0,6.5,39.5,3.5,3.0,0.0
234,370.0,152.0,303.0,294.0,165.0,78.0,175.0,305.0,81.0,105.0,42.0,30.0,161.0,14.0,82.0,0.0,5.0,29.0,0.0,0.0
235,52.0,24.0,36.0,89.0,21.0,70.0,114.0,54.0,30.0,69.0,5.0,10.0,23.0,17.0,24.0,4.0,15.0,6.0,0.0,0.0
236,10.0,0.0,0.0,69.0,13.0,13.0,22.0,15.0,14.0,27.0,42.0,13.0,11.0,0.0,4.0,0.0,0.0,0.0,0.0,0.0
237,21.5,3.0,3.0,48.0,8.5,25.5,87.5,61.0,47.5,74.0,3.5,31.5,39.5,12.5,0.0,0.0,7.5,0.0,0.0,0.0
238,13.0,0.0,5.0,22.0,0.0,17.0,86.0,66.0,64.0,69.0,6.0,17.0,2.0,25.0,0.0,0.0,0.0,15.0,4.0,0.0
239,333.0,59.0,67.5,323.5,141.5,155.5,504.0,503.5,308.5,401.5,28.0,104.5,254.0,71.5,15.0,16.5,68.0,24.0,7.5,0.0
240,147.0,37.0,106.0,224.0,80.0,88.0,156.0,173.0,40.0,115.0,25.0,13.0,85.0,21.0,29.0,0.0,11.0,24.0,0.0,0.0
241,27.5,16.0,3.5,73.5,14.0,82.0,258.0,38.0,50.5,83.0,10.0,34.0,41.0,22.0,16.5,0.0,13.0,4.0,0.0,0.0
242,36.0,3.0,6.0,39.0,6.0,13.0,58.0,32.0,32.0,63.0,10.0,10.0,18.0,7.0,3.0,0.0,3.0,10.0,0.0,0.0
243,46.0,10.0,20.0,51.0,19.0,24.0,34.0,97.0,37.0,67.0,0.0,5.0,16.0,17.0,10.0,0.0,3.0,0.0,0.0,0.0
244,101.0,0.0,3.0,78.0,23.0,57.0,158.0,193.0,59.0,146.0,20.0,13.0,63.0,61.0,0.0,0.0,0.0,13.0,3.0,0.0
245,4.0,10.0,10.0,16.0,4.0,7.0,24.0,0.0,9.0,7.0,0.0,1.0,0.0,3.0,0.0,19.0,0.0,0.0,0.0,0.0
246,294.5,142.5,119.5,273.0,222.5,205.5,417.0,315.5,97.5,235.5,31.0,112.0,201.5,23.5,19.0,0.0,111.5,22.5,14.5,0.0
247,230.5,83.5,92.0,131.0,116.5,73.5,261.5,215.0,116.5,160.5,12.5,78.5,128.0,33.0,38.0,0.0,95.0,6.5,3.0,0.0
248,130.5,29.5,26.0,47.5,30.0,8.0,13.5,124.5,10.0,34.5,0.0,8.5,97.0,0.0,0.0,3.5,19.5,0.0,0.0,4.0
249,1055.5,279.0,252.0,1502.5,458.5,421.5,1253.5,1708.0,735.5,1304.5,322.0,335.0,888.5,147.5,84.0,19.0,377.5,65.5,18.0,0.0
250,16.0,16.5,16.5,25.0,9.0,32.0,73.0,7.5,13.5,32.0,4.5,8.0,7.5,4.5,13.5,0.0,0.0,4.5,0.0,0.0
251,15.0,12.5,12.5,25.0,15.0,15.0,72.0,30.0,39.5,44.5,5.0,10.0,5.0,20.0,0.0,10.0,5.0,0.0,0.0,0.0
252,75.5,83.5,66.5,86.0,59.5,21.5,60.5,42.5,3.5,8.0,0.0,8.0,27.0,0.0,17.5,0.0,24.0,0.0,0.0,3.0
253,16.0,18.5,0.0,75.0,23.5,39.0,132.0,6.5,23.5,31.5,0.0,21.0,11.5,5.0,9.5,34.5,2.0,4.5,4.5,0.0
254,133.5,27.0,34.0,104.5,41.0,70.0,263.0,157.5,133.5,204.0,33.5,78.0,99.0,32.0,8.5,16.5,16.5,4.0,9.5,0.0
255,19.0,12.0,23.0,99.0,3.0,11.0,7.0,25.0,12.0,9.0,3.0,1.0,14.0,5.0,14.0,1.0,0.0,4.0,0.0,0.0
256,242.0,63.0,82.0,271.0,61.5,120.0,219.5,276.0,92.5,176.5,32.5,24.5,239.5,16.5,4.0,4.0,66.5,13.0,0.0,0.0
257,17.0,3.5,3.5,36.0,10.5,15.0,11.5,32.5,18.5,14.5,0.0,4.0,4.0,0.0,7.5,0.0,0.0,2.5,0.0,0.0
258,36.5,24.0,14.5,15.0,24.5,20.0,59.0,37.0,20.0,29.0,4.5,9.0,31.5,4.5,0.0,0.0,5.0,0.0,0.0,0.0
259,31.0,12.0,17.0,55.0,17.5,31.0,38.5,16.5,8.0,10.0,0.0,5.0,18.5,0.0,5.0,0.0,0.0,1.0,0.0,0.0
260,66.5,64.5,29.0,231.0,69.0,102.0,313.0,59.5,139.5,130.5,49.0,57.5,55.0,9.0,17.0,48.0,0.0,0.0,6.0,0.0
261,9.5,1.5,1.5,59.5,8.0,20.0,128.0,64.0,76.5,70.5,0.0,38.5,53.5,19.0,1.0,0.0,13.5,4.0,0.0,0.0
262,13.0,5.0,5.0,71.0,14.0,57.0,111.0,16.0,34.0,44.0,7.0,6.0,9.0,0.0,5.0,0.0,0.0,0.0,3.0,0.0
263,180.5,81.5,88.0,358.5,76.5,333.0,397.5,159.5,89.5,94.0,10.0,37.5,67.0,45.5,46.5,21.5,12.0,4.0,8.0,0.0
264,102.5,34.0,51.0,41.0,48.0,33.0,71.5,71.0,4.0,47.0,17.0,18.5,66.0,25.0,31.0,0.0,11.5,0.0,0.0,0.0
265,135.0,0.0,18.0,111.0,24.0,85.0,347.0,158.0,60.0,123.0,29.0,22.0,227.0,36.0,9.0,0.0,4.0,12.0,0.0,0.0
266,161.0,14.0,17.0,303.0,76.0,48.0,209.0,253.0,149.0,191.0,31.0,30.0,123.0,42.0,29.0,6.0,0.0,6.0,4.0,0.0
267,89.0,0.0,8.0,59.0,22.0,33.0,95.0,115.0,16.0,91.0,33.0,21.0,110.0,9.0,5.0,0.0,5.0,4.0,0.0,0.0
268,62.0,0.0,0.0,175.0,23.0,64.0,219.0,111.0,87.0,101.0,10.0,39.0,50.0,21.0,7.0,2.0,0.0,5.0,17.0,0.0
269,29.0,9.0,20.0,33.0,14.0,21.0,36.0,35.0,19.0,50.0,5.0,7.0,13.0,0.0,8.0,0.0,0.0,0.0,0.0,0.0
270,37.0,10.0,15.0,50.0,19.0,34.0,46.0,41.0,21.0,46.0,0.0,10.0,15.0,0.0,10.0,0.0,0.0,0.0,0.0,0.0
271,33.0,3.0,3.0,28.0,11.0,16.0,67.0,32.0,20.5,48.5,26.0,13.0,52.5,4.0,7.0,0.0,0.0,0.0,4.0,0.0
272,40.0,11.0,11.0,22.5,8.0,5.5,29.0,65.5,20.5,33.5,3.5,4.0,59.0,3.5,0.0,0.0,25.5,3.5,0.0,0.0
273,39.0,28.0,41.0,135.0,25.0,57.0,87.0,30.0,32.0,40.0,13.0,5.0,26.0,4.0,23.0,0.0,13.0,2.0,0.0,0.0
274,949.5,329.0,492.0,1727.5,545.5,414.0,1394.0,1473.5,767.5,1471.5,850.0,367.5,751.0,124.0,161.0,45.5,108.0,90.0,27.5,0.0
275,147.0,49.0,59.0,813.0,102.0,403.0,930.0,146.0,323.0,272.0,14.0,114.0,94.0,70.0,28.0,66.0,0.0,22.0,39.0,0.0
276,78.0,25.0,43.0,113.0,25.0,21.0,34.0,52.0,0.0,24.0,4.0,5.0,39.0,10.0,13.0,0.0,10.0,0.0,0.0,0.0
277,45.0,7.0,13.0,47.0,17.0,10.0,9.0,50.0,3.0,40.0,0.0,5.0,40.0,0.0,3.0,0.0,0.0,0.0,0.0,0.0
278,3.0,5.0,3.0,38.0,0.0,10.0,39.0,4.5,13.0,11.5,3.0,12.5,3.5,9.5,3.0,0.0,0.0,3.0,0.0,0.0
279,185.0,10.0,8.0,139.5,49.0,29.5,242.5,332.0,174.0,248.5,42.5,72.0,195.5,42.0,6.0,0.0,65.5,16.5,3.5,0.0
280,106.0,34.0,87.0,429.5,107.0,314.5,384.0,94.0,102.0,81.0,12.5,40.5,31.5,25.0,44.5,5.0,33.0,0.0,0.0,0.0
281,13.5,2.5,4.5,34.5,8.5,21.5,30.5,13.0,9.0,9.5,0.0,1.0,3.0,4.5,5.5,0.0,8.5,0.0,0.0,0.0
282,197.5,66.5,78.5,416.0,101.5,131.0,458.0,233.5,250.5,230.5,22.0,75.5,110.0,54.5,42.0,17.5,29.0,13.0,0.0,0.0
283,16.0,5.0,14.0,82.0,15.0,30.0,45.0,24.0,24.0,20.0,7.0,0.0,16.0,10.0,0.0,0.0,5.0,0.0,0.0,0.0
284,86.0,9.0,19.0,194.0,28.0,75.0,53.0,139.0,51.0,96.0,0.0,8.0,52.0,10.0,9.0,0.0,6.0,11.0,0.0,0.0
285,0.0,0.0,4.0,40.5,0.0,26.5,99.5,7.5,30.5,38.5,8.5,18.0,0.0,4.0,3.5,0.0,0.0,4.0,5.0,0.0
286,80.5,26.0,37.0,136.0,38.5,78.5,209.5,116.0,104.0,152.5,39.5,31.5,47.0,21.0,11.5,0.0,10.5,3.0,5.0,0.0
287,71.0,14.5,22.0,199.0,67.0,89.5,204.5,48.0,63.5,59.5,17.5,27.5,42.5,19.0,20.5,8.5,5.0,2.0,4.0,0.0
288,853.5,243.0,488.5,1359.0,397.5,536.0,1387.5,751.5,404.5,669.0,284.5,223.5,575.5,196.5,178.0,14.0,68.0,122.0,23.0,0.0
289,3.5,3.5,3.5,39.5,11.0,17.0,38.5,12.5,12.5,9.5,6.5,0.0,6.5,17.0,10.5,10.5,0.0,7.0,0.0,0.0
290,151.0,29.0,47.0,255.0,49.0,205.0,696.0,132.0,200.0,217.0,82.0,115.0,75.0,105.0,49.0,21.0,8.0,32.0,43.0,0.0
291,115.0,26.0,28.0,18.0,67.0,10.0,32.0,65.0,9.0,21.0,0.0,14.0,40.0,4.0,0.0,0.0,65.0,0.0,0.0,0.0
292,631.5,162.5,244.5,466.0,208.0,156.5,452.0,776.5,226.0,501.5,43.5,95.0,380.0,54.0,54.0,5.5,191.5,25.5,0.0,0.0
293,8.0,5.0,7.0,22.0,5.0,6.0,24.0,18.0,14.0,21.0,8.0,3.0,9.0,3.0,2.0,0.0,0.0,0.0,3.0,0.0
294,300.0,40.0,118.0,797.0,143.0,152.0,278.0,304.0,214.0,149.0,41.0,37.0,162.0,33.0,43.0,4.0,0.0,26.0,7.0,0.0
295,24.0,0.0,4.5,20.5,5.0,18.0,94.0,58.0,82.0,77.0,5.5,29.5,11.0,5.0,0.0,0.0,5.0,3.5,3.5,0.0
296,26.5,14.0,5.0,14.5,19.5,20.0,70.0,37.5,29.5,33.5,0.0,15.0,18.0,28.5,0.0,4.5,6.0,5.0,0.0,4.5
297,19.0,0.0,0.0,20.0,1.0,16.0,82.0,77.0,90.0,172.0,11.0,38.0,13.0,5.0,0.0,0.0,3.0,0.0,6.0,0.0
298,549.5,157.0,65.5,1116.5,267.5,314.5,818.0,737.5,356.0,462.0,108.5,140.0,528.5,52.0,34.0,32.5,148.0,25.0,14.5,0.0
299,25.0,0.0,3.0,8.0,5.0,3.0,21.0,48.0,7.0,29.0,30.0,6.0,17.0,8.0,0.0,0.0,0.0,4.0,0.0,0.0
300,5.0,0.0,0.0,26.0,5.0,35.0,117.5,28.0,33.5,46.5,10.5,14.5,21.0,22.5,0.0,0.0,12.0,3.5,4.0,0.0
301,90.0,22.0,34.0,126.0,43.5,100.0,207.0,82.5,82.0,120.5,3.0,25.0,38.0,18.0,10.5,0.0,21.0,4.5,0.0,0.0
302,28.0,0.0,0.0,29.0,0.0,24.0,64.0,46.0,40.0,61.0,0.0,14.0,21.0,4.0,0.0,0.0,0.0,6.0,0.0,0.0
303,96.5,0.0,5.0,45.0,3.0,11.0,46.0,123.5,6.0,76.0,19.0,11.0,165.5,3.0,0.0,0.0,5.0,0.0,0.0,0.0
304,255.0,54.0,91.0,286.0,86.0,214.0,342.0,330.0,101.0,211.0,35.0,35.0,209.0,59.0,51.0,0.0,12.0,25.0,0.0,0.0
305,602.0,106.0,129.0,674.5,240.0,270.0,1215.5,1083.0,625.5,967.0,259.0,248.0,628.5,194.5,45.5,0.0,187.0,63.0,17.0,0.0
306,109.0,128.5,104.0,232.5,59.0,87.5,52.0,68.0,31.5,44.5,66.5,9.5,29.5,0.0,20.5,0.0,23.5,6.0,0.0,0.0
307,466.5,148.0,254.0,1318.5,313.5,475.5,1013.5,452.0,433.5,600.0,285.0,206.5,237.5,55.0,141.5,13.0,57.5,37.5,17.5,0.0
308,140.0,57.0,79.0,93.0,89.0,64.0,96.5,71.0,28.0,42.0,3.0,10.0,46.0,7.0,27.0,4.0,47.0,0.0,0.0,0.0
309,78.5,4.0,15.0,48.5,33.0,70.0,289.0,63.0,68.5,89.5,11.5,49.0,23.0,65.5,4.5,0.0,4.5,21.5,31.0,0.0
310,40.0,26.0,26.0,128.0,7.0,52.5,91.0,59.5,35.0,24.5,2.0,11.5,14.0,32.5,7.0,4.0,0.0,12.0,0.0,0.0
311,12.5,3.0,3.0,19.0,5.0,17.5,34.0,24.0,2.5,10.5,5.5,1.5,12.0,7.0,2.0,0.0,3.5,5.5,0.0,0.0
312,192.0,0.0,8.0,168.0,61.0,86.0,360.0,254.0,116.0,304.0,251.0,114.0,313.0,95.0,17.0,5.0,4.0,11.0,21.0,0.0
313,370.0,47.0,64.0,296.0,207.0,117.0,321.0,522.0,207.0,441.0,249.0,109.0,414.0,40.0,22.0,0.0,4.0,19.0,13.0,0.0
314,108.0,25.0,41.0,147.0,45.0,94.0,153.0,141.0,54.0,103.0,17.0,24.0,77.0,26.0,19.0,0.0,11.0,13.0,0.0,0.0
315,22.0,3.0,9.0,27.0,10.0,32.0,68.0,15.0,4.0,7.0,7.0,0.0,13.0,11.0,16.0,0.0,0.0,15.0,0.0,0.0
316,24.0,6.5,14.0,73.5,25.5,17.0,43.0,40.0,29.0,54.0,27.0,16.5,23.5,0.0,13.5,3.0,0.0,0.0,3.5,0.0
317,66.0,6.0,6.0,129.0,12.0,90.0,457.0,191.0,282.0,302.0,40.0,92.0,66.0,63.0,4.0,23.0,46.0,6.0,17.0,0.0
318,642.0,340.5,250.0,1040.5,397.5,388.0,1555.0,780.5,511.5,695.5,104.5,265.5,553.0,169.5,100.5,353.5,215.0,40.5,58.0,8.5
319,60.5,45.0,36.0,41.5,24.5,42.5,90.5,52.5,33.5,19.0,0.0,9.5,39.0,13.5,22.5,0.0,35.5,0.0,0.0,0.0
320,29.0,18.0,10.5,21.5,7.5,3.5,12.0,56.5,7.5,10.5,4.0,4.0,29.5,0.0,0.0,4.0,11.5,0.0,0.0,0.0
321,58.0,10.0,27.0,98.0,26.0,57.0,65.0,63.0,29.0,68.0,7.0,11.0,34.0,8.0,10.0,0.0,11.0,0.0,0.0,0.0
322,65.5,11.5,21.0,150.5,42.5,76.0,181.5,68.0,66.0,105.5,12.0,34.5,35.0,19.5,5.5,4.0,10.5,0.0,7.0,0.0
323,73.5,22.5,38.0,86.0,26.0,58.0,165.0,84.0,53.5,80.0,14.5,19.5,65.5,27.0,15.5,0.0,25.5,5.0,0.0,0.0
324,12.0,0.0,0.0,34.0,6.0,13.0,38.0,12.0,17.0,15.0,0.0,0.0,7.0,0.0,4.0,0.0,0.0,2.0,0.0,0.0
325,167.0,20.0,42.0,357.0,98.0,126.0,475.0,160.0,207.0,311.0,95.0,105.0,138.0,29.0,37.0,2.0,0.0,14.0,40.0,0.0
326,103.5,0.0,0.0,68.0,23.5,74.0,499.0,143.5,167.5,212.5,14.5,57.5,29.0,104.5,5.0,18.0,17.5,4.5,6.0,0.0
327,22.5,12.5,19.0,118.5,9.0,37.5,63.5,22.0,52.0,18.0,19.5,16.0,8.5,5.0,2.0,0.0,8.0,5.0,0.0,0.0
328,298.5,161.5,200.5,320.0,185.5,104.5,280.5,248.5,151.0,150.5,41.0,51.5,144.0,40.5,89.0,3.0,71.0,18.5,2.0,0.0
329,7.5,0.0,0.0,28.0,5.5,0.0,41.5,2.5,27.0,20.5,14.0,8.0,0.5,3.0,5.0,0.0,0.0,2.0,6.0,0.0
330,217.0,55.5,91.0,350.5,137.5,146.0,402.5,266.5,165.0,225.5,79.0,77.0,201.0,51.5,55.5,0.0,29.0,16.5,0.0,0.0
331,195.5,58.5,50.0,206.0,85.5,84.0,292.5,223.5,163.5,206.5,46.0,44.5,118.0,33.0,19.0,2.5,60.0,15.0,5.0,0.0
332,265.0,41.5,46.0,246.0,128.0,140.5,483.5,381.0,206.5,275.5,53.5,74.5,225.0,94.0,25.5,4.0,68.0,19.5,15.5,0.0
333,15.0,2.0,3.0,31.0,1.0,15.0,33.0,16.0,6.0,7.0,4.0,0.0,3.0,6.0,0.0,0.0,0.0,4.0,0.0,0.0
334,208.0,92.5,80.0,229.5,107.5,144.0,192.0,164.5,55.5,105.0,29.5,44.0,101.0,15.5,29.0,3.5,31.5,3.5,0.0,0.0
335,14.0,0.0,0.0,47.5,0.0,22.5,34.5,43.0,27.5,35.5,6.0,5.0,20.0,11.0,0.0,0.0,0.0,8.5,0.0,0.0
336,33.5,15.5,13.0,83.0,20.0,63.0,132.0,81.0,80.0,83.0,17.0,31.0,15.0,29.0,5.0,0.0,4.0,5.0,4.0,0.0
337,61.0,4.0,21.0,83.0,22.0,62.0,148.0,104.0,54.0,122.0,8.0,27.0,45.0,13.0,8.0,0.0,0.0,8.0,0.0,0.0
338,20.5,6.0,6.0,20.0,8.0,5.5,63.5,28.5,45.0,38.5,10.0,17.0,18.0,11.0,0.0,4.0,2.5,0.0,0.0,0.0
339,329.5,67.5,71.0,351.0,114.5,196.5,922.5,375.0,283.5,494.0,116.5,176.0,274.0,183.5,9.5,63.0,123.5,25.0,22.5,0.0
340,49.0,4.0,4.0,15.0,4.0,7.0,51.0,67.0,33.0,63.0,4.0,4.0,35.0,12.0,4.0,0.0,9.0,5.0,0.0,0.0
341,66.0,20.0,30.0,141.5,31.0,29.5,43.0,60.0,28.0,39.0,4.0,5.0,34.5,8.0,3.0,0.0,4.0,3.5,0.0,0.0
342,36.0,9.0,19.0,99.0,12.0,25.0,77.0,35.0,26.0,59.0,21.0,12.0,22.0,0.0,0.0,0.0,0.0,2.0,0.0,0.0
343,58.0,28.0,12.0,50.0,30.0,27.0,124.5,56.5,86.5,76.5,14.5,28.0,35.0,10.0,0.0,13.0,0.0,5.0,4.0,0.0
344,123.0,36.0,30.5,73.5,33.5,55.5,88.0,131.0,25.5,65.5,8.0,29.0,107.5,15.5,9.0,0.0,27.5,9.5,1.5,0.0
345,30.0,0.0,3.0,100.5,12.5,92.5,133.5,27.5,7.5,33.5,45.5,18.5,35.5,8.5,8.0,0.0,0.0,0.0,0.0,0.0
346,20.0,4.0,0.0,122.5,35.5,105.5,444.0,47.0,142.0,176.5,92.5,105.0,13.0,19.5,3.5,8.0,0.0,3.5,23.0,0.0
347,62.0,17.0,24.0,67.0,20.0,45.0,54.0,57.0,12.0,56.0,4.0,13.0,30.0,10.0,12.0,0.0,12.0,6.0,0.0,0.0
348,50.0,0.0,0.0,60.5,23.5,39.0,160.0,73.0,100.5,77.5,14.0,42.0,19.5,32.5,4.5,4.0,9.5,4.0,0.0,0.0
349,24.0,11.0,19.0,48.0,13.0,42.0,75.0,39.0,32.0,53.0,8.0,0.0,7.0,16.0,11.0,0.0,7.0,7.0,0.0,0.0
350,51.0,10.0,13.0,57.0,19.0,24.0,25.0,51.0,12.0,53.0,6.0,7.0,34.0,0.0,6.0,0.0,0.0,0.0,0.0,0.0
351,46.5,14.0,19.0,104.5,37.5,107.5,351.0,93.5,138.5,212.0,72.5,68.0,57.5,28.0,12.0,0.0,31.5,0.0,4.0,0.0
352,333.5,44.5,39.5,222.0,161.5,126.0,497.0,414.0,197.0,435.0,150.0,154.0,337.0,56.0,9.5,0.0,149.0,15.5,6.0,0.0
353,59.0,16.0,30.0,123.0,21.0,50.0,110.0,107.0,83.0,124.0,26.0,20.0,32.0,14.0,11.0,5.0,8.0,17.0,0.0,0.0
354,206.5,28.0,42.0,259.0,51.0,162.0,333.5,350.5,174.5,326.0,75.0,85.5,209.0,44.0,17.5,11.0,29.5,11.0,4.5,0.0
355,39.0,6.0,12.0,50.0,15.0,29.0,22.0,37.0,12.0,13.0,0.0,5.0,36.0,3.0,10.0,0.0,0.0,4.0,0.0,0.0
356,205.5,39.5,44.5,726.5,101.0,294.5,596.5,249.5,187.5,203.5,17.5,52.5,154.5,56.0,48.5,0.0,27.0,13.0,8.5,0.0
357,268.5,128.5,196.0,638.0,222.0,405.5,730.5,202.0,216.0,226.5,99.5,113.0,144.0,58.0,164.5,93.5,71.0,31.0,7.5,0.0
358,17.5,4.0,4.0,47.5,20.0,111.5,94.5,6.0,0.5,13.0,5.0,13.0,20.0,5.5,4.5,1.5,3.5,0.0,0.0,0.0
359,76.0,17.0,34.5,80.0,27.5,70.5,145.5,59.0,26.0,72.5,11.0,14.5,53.0,9.5,8.0,0.0,3.5,9.5,0.0,0.0
360,0.0,0.0,1.0,17.0,5.0,10.0,45.0,26.0,25.0,58.0,5.0,29.0,7.0,5.0,0.0,0.0,0.0,0.0,5.0,0.0
361,86.5,18.0,16.0,148.5,22.5,50.5,102.0,152.5,53.5,93.0,17.5,14.0,39.5,22.5,18.0,0.0,18.5,0.0,2.0,0.0
362,93.5,20.5,16.0,61.0,49.0,29.0,238.5,167.5,194.0,203.0,60.0,75.0,80.0,26.5,13.0,0.0,34.5,19.5,13.0,0.0
363,33.0,2.0,2.0,36.0,8.5,20.0,35.5,36.5,19.5,23.0,5.0,4.0,17.0,0.0,0.0,0.0,0.0,0.0,0.0,0.0
364,42.0,8.0,13.0,14.0,10.0,7.0,21.0,49.0,15.0,56.0,0.0,11.0,19.0,0.0,8.0,0.0,0.0,0.0,0.0,0.0
365,191.5,34.5,53.0,450.0,95.0,114.0,211.5,258.5,131.5,114.5,38.0,36.0,126.5,29.0,11.5,2.5,70.0,7.0,0.0,0.0
366,39.0,7.5,4.0,17.0,17.5,3.5,54.5,85.0,41.0,43.0,0.0,12.0,25.5,17.0,0.0,0.0,29.0,0.0,3.0,0.0
367,117.0,54.0,115.0,396.0,85.0,217.0,320.0,90.0,46.0,62.0,36.0,28.0,63.0,12.0,43.0,0.0,4.0,19.0,4.0,0.0
368,293.0,0.0,9.0,221.0,56.0,148.0,583.0,676.0,317.0,646.0,112.0,138.0,226.0,176.0,22.0,0.0,0.0,38.0,21.0,0.0
369,87.0,15.0,15.0,226.0,29.0,44.0,120.0,127.0,87.0,108.5,8.0,41.5,90.0,20.0,37.0,13.0,14.0,3.0,0.0,0.0
370,88.5,17.0,13.0,137.0,48.5,66.0,119.5,136.5,91.0,96.5,19.0,34.0,56.0,3.5,0.0,3.5,18.5,0.0,6.0,0.0
371,86.5,56.0,21.5,27.0,63.5,28.5,72.0,66.5,22.0,51.5,18.5,23.0,66.0,0.0,8.5,0.0,19.0,0.0,5.0,0.0
372,151.0,30.0,58.0,221.0,57.0,161.0,390.0,224.0,158.0,240.0,57.0,67.0,98.0,72.0,35.0,3.0,11.0,25.0,10.0,0.0
373,55.0,27.0,53.0,82.0,41.0,60.0,164.0,72.0,64.0,103.0,20.0,29.0,35.0,18.0,20.0,0.0,7.0,9.0,0.0,0.0
374,53.0,6.0,6.0,34.0,15.0,15.0,38.0,54.0,28.0,61.0,28.0,5.0,22.0,13.0,6.0,0.0,6.0,3.0,0.0,0.0
375,32.5,9.5,13.5,39.5,6.0,32.0,68.5,42.5,26.0,29.5,5.0,19.0,19.5,4.5,6.0,0.0,3.0,0.0,0.0,0.0
376,197.0,43.5,54.5,155.0,56.5,85.0,169.5,288.5,102.5,203.5,25.5,52.5,168.5,38.5,3.5,0.0,30.5,8.5,8.0,0.0
377,119.5,16.5,40.0,174.0,83.0,50.0,193.5,115.5,27.0,72.0,69.5,38.0,175.0,40.5,31.5,12.0,18.0,15.5,4.0,0.0
378,57.5,25.5,25.5,34.5,34.0,3.5,120.0,68.0,72.5,70.0,6.5,22.0,29.0,16.0,4.5,0.0,39.5,3.0,0.0,0.0
379,33.0,3.0,8.0,38.0,5.0,24.0,65.0,50.0,25.0,53.0,3.0,3.0,18.0,17.0,3.0,0.0,8.0,5.0,0.0,0.0
380,1475.5,595.0,589.0,1348.0,797.5,309.5,1148.5,2242.0,766.5,1641.0,681.5,362.5,1208.5,133.0,188.0,15.0,263.0,90.5,14.0,4.0
381,630.0,265.0,326.5,709.0,403.0,332.5,601.0,484.5,158.0,383.5,81.5,107.5,313.5,40.5,123.5,28.0,101.5,16.0,0.0,0.0
382,450.5,116.0,159.5,349.0,205.0,206.0,282.0,456.0,140.0,291.5,48.0,52.0,206.5,49.0,40.0,0.0,127.5,12.5,0.0,0.0
383,7.0,0.0,0.0,48.0,0.0,35.0,104.0,10.0,10.0,20.0,8.0,15.0,7.0,14.0,0.0,0.0,4.0,0.0,0.0,0.0
384,43.0,8.0,14.0,91.0,11.0,40.0,100.0,34.0,50.0,69.0,11.0,12.0,26.0,20.0,0.0,0.0,0.0,7.0,0.0,0.0
385,172.0,50.0,86.0,229.0,87.0,124.0,303.0,188.0,110.0,131.0,24.0,26.0,117.0,50.0,62.0,7.0,11.0,36.0,7.0,0.0
386,49.0,3.0,10.0,58.0,8.0,15.0,61.0,91.0,60.0,94.0,16.0,20.0,36.0,6.0,3.0,0.0,0.0,14.0,0.0,0.0
387,587.0,165.5,166.5,1089.0,342.5,481.0,1609.0,658.5,680.5,1029.0,464.0,421.5,424.5,140.0,129.0,32.0,24.0,71.5,101.5,0.0
388,67.5,67.0,77.0,92.0,26.0,20.5,1.0,12.5,7.5,5.5,0.0,2.0,2.0,0.0,15.0,0.0,20.0,0.0,0.0,0.0
389,48.0,5.0,5.0,44.0,13.0,26.0,35.0,58.0,21.0,65.0,0.0,12.0,23.0,0.0,0.0,0.0,0.0,0.0,0.0,0.0
390,33.0,31.5,11.5,72.5,43.5,84.0,229.5,54.5,38.0,60.0,8.0,26.0,47.5,17.5,11.5,9.5,2.5,3.5,0.0,0.0
391,238.0,51.0,65.0,460.0,103.0,318.0,797.0,295.0,266.0,380.0,60.0,167.0,186.0,87.0,74.0,13.0,11.0,29.0,38.0,0.0
392,21.0,0.0,0.0,32.0,12.0,22.0,39.0,20.0,14.0,14.0,3.0,0.0,8.0,0.0,0.0,0.0,0.0,0.0,0.0,0.0
393,210.0,8.5,4.0,79.5,77.5,26.0,154.0,275.5,120.5,229.0,26.0,73.0,181.5,14.5,5.0,5.0,84.0,0.0,4.0,0.0
394,19.0,4.0,9.0,22.0,7.0,12.0,27.0,30.0,17.0,27.0,0.0,5.0,6.0,9.0,4.0,0.0,5.0,6.0,0.0,0.0
395,74.0,26.0,61.0,70.0,36.0,38.0,46.0,81.0,24.0,41.0,0.0,9.0,37.0,12.0,23.0,0.0,6.0,7.0,0.0,0.0
396,23.0,32.5,32.5,43.0,18.5,17.5,37.5,11.5,25.5,26.5,0.5,16.0,2.5,0.0,7.0,0.0,0.0,0.0,0.0,0.0
397,4.0,0.0,2.0,46.0,0.0,28.0,51.0,8.5,26.0,16.0,0.0,24.0,4.0,4.0,0.0,0.0,0.0,0.0,3.5,0.0
398,58.5,38.0,25.0,74.0,61.0,52.0,91.0,27.5,16.5,22.5,7.0,21.0,30.5,0.0,15.0,14.5,3.0,4.0,0.0,0.0
399,88.5,25.5,25.5,41.0,30.5,14.0,50.5,77.5,25.0,29.5,9.0,5.0,40.0,15.5,0.0,0.0,2.5,0.0,0.0,0.0
400,58.0,4.5,4.5,30.5,21.5,9.0,101.0,84.0,86.0,75.0,9.5,23.5,60.0,4.5,0.0,0.0,21.0,0.0,0.0,0.0
401,167.5,186.0,168.5,150.0,102.5,57.5,46.5,57.0,3.5,8.5,4.5,3.5,41.5,3.5,45.5,0.0,46.5,3.5,0.0,0.0
402,45.0,8.0,12.0,63.0,8.0,34.0,72.0,89.0,44.0,96.0,5.0,3.0,24.0,4.0,11.0,0.0,4.0,0.0,0.0,0.0
403,22.5,3.0,3.0,40.0,3.5,21.5,72.0,39.5,40.0,45.0,3.5,19.0,16.5,15.0,0.0,0.0,3.5,4.0,0.0,0.0
404,31.0,7.0,11.0,65.0,9.0,65.0,119.0,63.0,31.0,67.0,10.0,6.0,23.0,22.0,7.0,0.0,3.0,13.0,0.0,0.0
405,54.5,10.5,0.0,107.5,55.0,48.5,318.5,112.0,150.0,174.5,47.5,113.5,102.5,25.0,3.0,0.0,4.5,12.0,25.5,0.0
406,7.0,8.0,11.0,37.5,14.5,19.0,24.0,12.5,0.0,8.5,8.5,2.0,3.5,0.0,5.0,0.0,4.0,0.0,0.0,0.0
407,45.5,9.5,9.5,7.5,23.0,2.5,33.5,62.5,24.5,32.5,0.0,5.0,28.5,4.0,0.0,0.0,9.0,0.0,0.0,0.0
408,219.0,5.0,22.0,204.5,115.0,39.5,156.0,323.0,122.5,168.5,9.0,61.0,130.5,38.0,11.5,3.5,81.0,4.0,0.0,0.0
409,37.0,0.0,9.0,311.0,30.0,75.0,206.0,46.0,85.0,53.0,33.0,10.0,25.0,24.0,21.0,5.0,0.0,15.0,0.0,0.0
410,37.0,4.0,9.0,366.0,46.0,172.0,414.0,13.0,131.0,86.0,8.0,66.0,7.0,31.0,19.0,9.0,0.0,9.0,43.0,0.0
411,80.0,15.0,36.0,147.0,29.0,101.0,212.0,96.0,57.0,127.0,14.0,29.0,32.0,25.0,13.0,5.0,9.0,22.0,0.0,0.0
412,51.0,5.0,19.0,203.0,27.0,109.0,140.0,52.0,79.0,89.0,19.0,67.0,22.0,4.0,4.0,23.0,5.0,5.0,24.0,0.0
413,18.5,0.0,0.0,72.0,25.5,47.5,129.0,97.5,98.5,57.0,10.0,5.0,2.5,25.0,0.0,0.0,5.0,12.5,0.0,0.0
414,1564.5,469.5,604.5,3529.5,771.0,1718.5,4662.0,2192.0,1446.0,2056.5,407.0,536.0,1099.0,475.0,380.0,228.0,212.0,186.0,54.0,8.5
415,58.0,4.0,8.0,121.5,17.5,83.0,196.5,97.5,119.5,122.0,15.5,55.0,28.0,18.0,7.0,4.5,12.0,13.0,21.0,0.0
416,16.0,1.5,4.0,69.0,19.5,40.5,99.5,30.0,38.5,30.0,6.5,11.0,24.0,14.5,0.5,4.0,0.5,2.0,4.0,0.0
417,65.0,8.0,13.0,45.5,38.5,40.5,192.5,69.5,90.0,115.0,19.5,58.5,67.5,13.0,0.0,0.0,23.5,0.0,0.0,0.0
418,90.0,0.5,8.0,89.0,64.5,60.0,215.0,54.5,74.0,93.0,9.0,45.0,54.0,17.0,8.5,4.0,34.5,3.5,7.5,0.0
419,70.5,8.5,5.0,118.5,19.0,44.5,292.5,201.5,129.5,237.5,73.5,54.5,99.0,77.0,6.5,64.5,26.0,0.0,2.5,0.0
420,133.0,45.0,37.0,229.0,92.0,92.0,238.5,137.5,57.0,128.0,66.0,43.5,110.5,54.0,45.5,25.5,19.5,0.0,8.0,0.0
421,21.0,3.0,14.0,31.5,11.0,36.0,119.5,11.5,14.5,21.5,5.0,8.5,4.5,23.0,0.0,0.0,0.0,7.5,0.0,0.0
422,34.0,4.0,16.0,76.0,17.0,38.0,144.0,69.0,38.0,60.0,33.0,32.0,37.0,39.0,3.0,0.0,0.0,23.0,13.0,0.0
423,16.0,0.0,0.0,24.0,7.0,8.5,41.5,34.5,21.5,32.0,1.5,3.5,25.5,10.0,0.0,0.0,5.0,4.0,0.0,0.0
424,11.5,18.0,8.0,151.0,28.0,49.5,277.0,71.0,161.5,247.5,71.0,149.0,32.5,8.5,13.5,0.0,14.0,4.5,14.5,0.0
425,301.5,60.0,79.0,333.0,101.0,165.0,465.0,437.5,241.5,403.5,109.0,105.0,218.5,61.0,24.5,0.0,21.0,10.5,3.5,0.0
426,125.0,71.5,83.0,154.0,87.0,105.0,141.0,49.5,34.0,23.5,0.0,12.0,34.5,5.0,28.5,0.0,47.5,0.0,0.0,0.0
427,40.5,2.0,4.0,57.0,29.5,50.0,137.0,83.5,50.0,94.5,11.5,37.5,37.5,27.5,2.5,7.5,3.5,4.0,0.0,0.0
428,221.0,65.5,52.5,292.0,106.5,96.5,234.5,349.5,109.5,232.0,102.0,47.0,227.0,44.5,26.5,8.5,14.5,9.0,4.0,0.0
429,47.0,14.0,28.0,82.0,14.0,93.0,120.0,66.0,26.0,60.0,4.0,11.0,18.0,13.0,14.0,0.0,10.0,15.0,3.0,0.0
430,71.0,31.0,31.5,75.5,30.5,47.0,115.5,60.0,36.0,49.5,8.0,32.5,64.0,3.0,0.0,0.0,9.0,0.0,0.0,0.0
431,11.5,0.0,1.0,30.5,6.5,19.5,14.5,21.0,9.0,17.5,0.0,7.0,5.0,6.5,0.0,0.0,0.0,3.0,0.0,0.0
432,220.0,56.0,68.0,152.5,76.5,223.5,557.5,284.0,220.0,382.5,82.5,134.5,168.0,65.5,18.0,0.0,67.5,4.5,3.5,0.0
433,8.0,0.0,0.0,18.5,0.0,5.0,48.5,25.5,54.0,44.0,4.0,18.0,8.0,7.0,0.0,0.0,7.5,2.0,0.0,0.0
434,281.0,85.0,66.5,255.5,114.5,112.0,382.5,347.0,209.5,282.0,67.0,70.5,219.5,61.0,19.0,4.0,44.5,6.5,0.0,0.0
435,36.5,8.0,12.0,37.0,8.0,16.5,100.5,72.0,66.0,68.0,0.0,26.5,32.5,0.0,4.0,0.0,22.0,7.5,0.0,0.0
436,73.0,38.0,97.0,170.0,48.0,59.0,131.0,76.0,32.0,80.0,6.0,7.0,19.0,15.0,26.0,0.0,11.0,9.0,0.0,0.0
437,71.0,0.0,6.0,140.0,15.0,103.0,326.0,99.0,98.0,96.0,0.0,30.0,44.0,58.0,0.0,5.0,4.0,10.0,0.0,0.0
438,549.0,141.0,137.0,878.0,227.0,455.0,756.0,980.0,382.0,631.5,50.0,98.0,373.0,87.5,72.5,34.5,59.5,24.5,9.0,0.0
439,37.0,12.0,12.0,17.0,21.5,7.0,31.5,43.0,9.5,15.5,0.0,0.0,14.5,17.0,0.0,4.0,7.5,0.0,0.0,0.0
440,28.5,7.0,4.0,37.5,12.5,16.5,73.0,19.5,3.0,35.5,15.5,12.0,74.5,4.0,0.0,0.0,0.0,3.5,4.5,0.0
441,87.5,9.5,4.5,93.5,36.0,8.5,37.5,117.0,41.5,46.0,22.5,18.5,54.5,5.0,0.0,0.0,22.5,0.0,0.0,0.0
442,5.5,2.5,4.0,9.5,0.0,9.5,14.0,2.0,0.5,3.0,2.0,1.0,1.0,0.5,0.0,0.0,0.0,0.0,0.0,0.0
443,57.5,4.0,4.0,33.0,31.5,30.0,100.0,52.0,34.5,47.0,17.0,11.5,45.5,9.5,0.0,0.0,21.0,0.0,0.0,0.0
444,11.0,4.0,11.0,50.0,21.0,33.0,81.0,42.0,69.0,66.0,9.0,12.0,16.0,17.0,4.0,0.0,4.0,3.0,0.0,0.0
445,73.0,17.5,16.0,92.5,47.5,55.5,165.0,82.5,61.5,95.0,11.0,31.0,46.5,38.0,3.0,0.0,16.5,3.5,0.0,0.0
446,61.0,17.0,28.0,99.0,27.0,77.0,116.0,75.0,39.0,88.0,9.0,22.0,40.0,14.0,17.0,0.0,10.0,9.0,0.0,0.0
447,73.0,20.0,43.0,98.0,35.0,63.0,131.0,129.0,61.0,122.0,15.0,13.0,28.0,18.0,20.0,0.0,12.0,27.0,0.0,0.0
448,1213.0,304.5,418.0,2755.0,451.0,643.5,1796.0,1696.5,909.0,1231.0,170.0,284.5,784.5,165.5,195.0,74.5,234.5,164.5,11.0,2.5
449,19.0,0.0,2.0,47.0,6.5,20.0,60.5,30.5,45.5,39.0,2.5,19.0,12.5,17.5,0.0,4.5,0.0,2.5,0.0,0.0
450,33.0,4.0,8.0,53.0,12.0,28.0,108.0,72.0,21.0,48.0,24.0,16.0,33.0,14.0,12.0,0.0,0.0,8.0,0.0,0.0
451,37.0,9.0,13.0,50.0,14.0,37.0,41.0,41.0,22.0,63.0,5.0,9.0,16.0,0.0,8.0,0.0,0.0,0.0,0.0,0.0
452,294.5,14.0,14.0,280.0,58.0,94.0,247.0,500.5,181.0,381.0,105.0,104.0,278.5,45.0,14.0,0.0,0.0,4.0,5.0,0.0
453,227.0,54.0,52.0,652.0,77.0,254.0,456.0,354.0,243.0,342.0,45.0,92.0,150.0,68.0,28.0,4.0,9.0,14.0,4.0,0.0
454,14.0,6.5,0.0,34.5,12.5,20.0,94.0,19.0,42.0,83.5,60.0,53.5,15.0,6.0,0.0,0.0,0.0,0.0,4.0,0.0
455,31.0,12.0,16.0,65.0,17.0,56.0,115.0,50.0,37.0,71.0,8.0,7.0,17.0,25.0,12.0,0.0,9.0,11.0,0.0,0.0
456,44.0,13.0,24.0,67.0,23.0,37.0,51.0,41.0,17.0,54.0,9.0,16.0,20.0,0.0,7.0,0.0,0.0,0.0,0.0,0.0
457,76.0,7.0,9.0,53.0,14.0,20.0,41.0,82.0,17.0,40.0,16.0,15.0,60.0,5.0,8.0,0.0,0.0,1.0,0.0,0.0
458,61.0,17.0,28.0,89.0,19.0,88.0,121.0,84.0,34.0,96.0,0.0,4.0,24.0,19.0,19.0,0.0,15.0,6.0,0.0,0.0
459,65.5,40.5,31.0,21.5,18.0,5.0,41.5,55.5,4.5,22.0,0.0,14.0,41.0,4.5,0.0,0.0,20.0,5.0,0.0,0.0
460,122.5,50.5,55.0,93.5,65.5,60.5,180.0,111.0,60.0,95.0,16.0,48.0,84.0,14.0,4.5,0.0,29.5,0.0,0.0,0.0
461,6.0,0.0,0.0,26.5,4.0,25.5,68.5,8.5,22.0,14.5,8.0,8.0,2.5,9.0,0.0,0.0,0.5,4.5,0.0,0.0
462,159.5,23.0,21.5,464.5,101.0,163.5,801.5,216.0,244.0,274.5,84.5,84.0,142.5,112.0,41.5,276.5,22.5,27.5,37.5,0.0
463,40.0,3.5,3.5,30.5,13.5,21.0,67.0,68.5,16.0,26.5,11.0,3.0,15.5,46.0,3.5,3.5,4.0,0.0,0.0,0.0
464,170.0,9.5,23.0,93.5,40.5,76.5,241.5,243.0,131.0,220.5,22.0,57.0,129.5,54.0,5.5,0.0,25.5,17.5,5.0,0.0
465,87.0,4.0,4.0,67.0,12.0,74.0,236.0,169.0,145.0,272.0,36.0,93.0,91.0,100.0,8.0,0.0,0.0,17.0,36.0,0.0
466,213.5,56.5,66.5,127.0,93.0,54.0,158.5,227.5,78.0,145.5,8.5,41.5,102.0,20.5,3.5,0.0,92.0,0.0,0.0,0.0
467,4.0,2.0,2.0,18.0,0.0,33.0,58.0,19.0,1.0,6.0,1.0,0.0,3.0,36.0,2.0,0.0,0.0,3.0,0.0,0.0
468,36.0,12.0,15.0,35.0,15.0,18.0,50.0,36.0,25.0,45.0,4.0,11.0,13.0,10.0,8.0,0.0,10.0,11.0,0.0,0.0
469,369.0,31.0,63.0,612.0,141.0,263.0,740.0,480.0,296.0,473.0,140.0,162.0,361.0,107.0,48.0,1.0,0.0,45.0,56.0,0.0
470,74.0,14.0,29.0,100.0,33.0,65.0,125.0,94.0,56.0,103.0,3.0,15.0,31.0,25.0,14.0,0.0,10.0,8.0,0.0,0.0
471,40.0,27.5,27.5,55.5,26.0,27.5,48.5,44.5,16.0,28.5,3.5,4.0,25.0,19.5,7.0,0.0,14.5,0.0,0.0,0.0
472,22.0,0.0,0.0,34.5,18.5,7.0,66.0,19.0,39.0,23.0,3.0,10.0,11.5,0.0,0.0,0.0,15.0,0.0,0.0,0.0
473,14.0,8.0,7.5,57.5,26.0,31.0,85.5,13.5,17.5,29.5,6.0,16.0,18.0,0.0,0.0,7.0,0.0,0.0,0.0,0.0
474,898.5,279.0,422.0,2447.0,466.5,1774.0,4164.0,729.0,847.0,1212.5,319.5,512.0,516.5,391.5,455.0,343.5,67.0,157.0,179.5,0.0
475,454.0,99.5,110.5,195.0,175.5,44.5,96.0,423.0,51.5,175.5,13.5,19.5,346.0,17.0,14.0,0.0,155.0,5.0,0.0,0.0
476,63.0,44.0,75.0,91.0,33.0,82.0,123.0,48.0,24.0,67.0,0.0,11.0,16.0,13.0,27.0,0.0,13.0,8.0,0.0,0.0
477,615.5,313.0,282.0,924.0,375.0,263.5,893.0,664.0,235.0,477.0,163.0,207.5,695.5,84.0,67.0,34.0,100.5,28.5,25.5,0.0
478,24.0,9.0,13.0,22.5,13.0,12.5,21.5,25.0,7.0,11.0,0.5,7.0,14.0,1.5,7.5,0.0,4.5,5.0,0.0,0.0
479,90.0,50.0,73.0,342.0,57.0,163.0,266.0,64.0,49.0,72.0,19.0,22.0,64.0,16.0,51.0,3.0,1.0,15.0,0.0,0.0
480,558.5,123.0,176.5,1130.5,328.0,479.5,1323.0,718.0,465.5,631.5,188.0,212.5,345.5,157.5,93.0,46.5,56.5,47.0,18.5,0.0
481,8.0,0.0,4.0,13.0,0.0,21.0,45.0,25.0,19.0,34.0,4.0,18.0,14.0,4.0,0.0,0.0,0.0,0.0,5.0,0.0
482,149.5,14.5,34.0,174.0,58.0,84.5,148.5,217.0,46.5,140.0,22.0,27.5,96.0,5.5,12.0,0.0,21.5,3.0,0.0,0.0
483,753.5,367.5,311.5,1220.5,526.5,598.5,1001.0,792.0,380.0,521.5,133.0,213.5,522.0,105.0,167.0,18.5,158.5,37.5,13.0,0.0
484,118.0,130.0,187.5,617.0,131.0,230.5,334.0,159.0,182.5,182.5,69.5,101.5,75.5,16.5,94.0,4.5,44.0,0.0,6.5,0.0
485,36.0,4.0,4.0,19.0,0.0,14.0,41.0,43.0,23.0,50.0,6.0,0.0,13.0,13.0,4.0,0.0,5.0,5.0,0.0,0.0
486,100.0,3.0,6.0,44.0,21.0,29.0,64.0,150.0,68.0,123.0,7.0,18.0,50.0,20.0,3.0,0.0,5.0,9.0,0.0,0.0
487,59.0,24.0,20.5,63.5,33.5,48.0,78.5,52.5,24.0,47.5,13.5,18.5,38.5,13.0,0.0,0.0,6.5,0.0,0.0,0.0
488,100.5,63.5,69.5,224.5,82.5,124.5,200.5,35.0,45.5,27.5,12.5,21.0,7.5,20.5,34.5,8.5,17.5,4.0,6.5,0.0
489,455.5,129.5,152.0,801.0,293.5,587.0,874.0,523.5,265.5,472.5,164.0,148.5,286.0,84.0,127.0,12.0,95.0,29.5,9.5,0.0
490,85.5,21.0,17.0,143.0,63.5,99.0,204.5,80.5,55.0,84.5,8.0,25.5,45.0,11.0,3.0,0.0,41.0,0.0,0.0,0.0
491,53.0,18.5,29.5,209.0,64.5,95.0,108.0,25.5,25.5,5.0,0.0,10.0,8.5,4.5,0.0,0.0,25.0,0.0,0.0,0.0
492,110.0,20.0,46.0,209.0,37.0,49.0,117.0,161.0,54.0,169.0,34.0,18.0,62.0,5.0,13.0,0.0,0.0,0.0,0.0,0.0
493,67.0,0.0,0.0,40.0,17.0,21.0,81.0,191.0,65.0,80.0,17.0,0.0,53.0,15.0,0.0,0.0,0.0,8.0,0.0,0.0
494,47.0,0.0,0.0,3.0,2.0,0.0,28.0,74.0,20.0,16.0,10.0,0.0,40.0,13.0,0.0,0.0,0.0,4.0,0.0,0.0
495,207.0,30.0,24.0,383.0,72.0,142.0,568.0,332.0,241.0,310.5,41.5,89.5,161.5,64.0,21.0,7.5,59.0,5.0,8.5,0.0
496,35.0,10.5,6.0,17.0,19.0,36.5,54.0,29.5,13.5,5.0,2.5,5.0,16.5,2.0,11.5,0.0,11.5,0.0,0.0,0.0
497,33.0,12.0,13.5,38.5,21.0,33.5,115.5,37.0,42.5,46.5,13.0,24.0,27.5,16.5,4.0,0.0,11.0,0.0,0.0,0.0
498,49.0,10.0,13.0,55.0,0.0,17.0,62.0,45.0,23.0,54.0,0.0,8.0,12.0,15.0,10.0,0.0,10.0,3.0,0.0,0.0
499,26.5,3.5,7.0,25.0,11.0,4.0,41.0,26.5,3.5,24.0,19.0,3.0,7.0,0.0,21.5,4.5,0.0,30.5,0.0,0.0
500,65.0,82.0,68.0,228.0,52.0,84.0,85.0,30.0,23.0,26.0,10.0,9.0,23.0,4.0,38.0,0.0,7.0,0.0,0.0,0.0
501,45.0,11.0,16.0,50.0,4.0,26.0,47.0,43.0,34.0,60.0,7.0,12.0,18.0,6.0,4.0,0.0,0.0,0.0,0.0,0.0
502,22.5,12.0,13.5,48.0,10.0,11.5,56.0,12.5,26.5,26.5,17.5,4.0,36.5,5.0,16.0,0.0,0.0,5.0,0.0,0.0
503,32.0,16.5,16.5,73.0,11.0,45.0,223.5,40.5,76.0,94.5,27.5,34.5,43.5,18.5,12.5,3.5,9.0,0.0,0.0,0.0
504,32.5,12.5,18.5,180.5,37.5,134.5,208.0,20.5,72.5,62.0,3.5,20.0,7.5,8.5,8.0,14.5,4.0,4.0,0.0,0.0
505,8.0,17.5,22.5,41.5,27.0,6.0,40.0,42.0,13.0,50.5,71.0,17.5,27.5,0.0,18.5,0.0,0.0,0.0,0.0,0.0
506,7.0,2.0,3.0,54.5,12.5,67.5,86.5,7.0,21.0,15.5,9.0,6.0,12.5,3.0,3.0,3.5,5.0,4.0,0.0,0.0
507,16.0,3.0,8.0,14.0,3.0,22.0,30.0,27.0,12.0,28.0,6.0,3.0,10.0,10.0,3.0,0.0,6.0,6.0,0.0,0.0
508,19.5,1.5,4.0,37.5,5.0,8.5,21.5,3.5,0.0,2.0,3.5,0.0,15.0,4.5,5.5,0.0,0.0,6.0,0.0,0.0
509,573.5,372.0,408.5,694.5,415.5,400.5,531.0,393.0,126.0,182.5,61.5,79.0,274.5,22.5,160.5,4.0,161.0,21.0,7.0,0.0
510,50.0,3.5,9.5,124.0,25.0,56.0,153.5,72.0,73.0,62.5,22.0,30.5,25.0,19.5,3.5,4.0,4.0,6.5,8.0,0.0
511,75.0,4.5,11.5,34.5,24.0,21.5,126.5,89.5,24.0,63.0,13.5,16.5,83.5,14.0,3.5,0.0,26.5,4.0,0.0,0.0
512,40.0,11.0,17.0,45.0,17.0,38.0,91.0,69.0,39.0,85.0,10.0,22.0,28.0,24.0,11.0,0.0,12.0,6.0,0.0,0.0
513,38.0,4.0,4.0,34.5,14.0,22.0,52.0,38.5,13.5,34.5,8.5,8.0,27.0,17.5,4.0,0.0,4.5,11.0,0.0,0.0
514,255.5,92.0,131.0,489.5,157.5,163.5,481.5,328.0,168.5,302.0,237.5,89.0,231.5,35.5,72.0,18.0,44.5,23.5,8.0,6.0
515,34.0,5.0,5.0,5.0,4.0,10.0,64.0,67.0,48.5,37.5,4.5,18.5,49.0,24.0,0.0,0.0,20.0,0.0,0.0,0.0
516,36.0,5.0,5.0,46.0,12.0,21.0,38.0,20.0,17.0,11.0,0.0,0.0,16.0,13.0,0.0,0.0,0.0,3.0,0.0,0.0
517,284.5,164.5,288.5,395.0,192.5,250.0,432.0,127.5,89.0,97.5,13.0,55.0,79.0,63.5,159.5,3.5,58.0,13.5,2.5,3.5
518,25.0,8.0,8.0,27.5,8.0,11.5,37.0,27.0,12.5,28.0,13.0,12.0,24.5,2.5,9.5,0.0,4.0,0.0,0.0,0.0
519,7.5,0.0,0.0,58.0,0.0,37.0,56.0,30.0,50.5,19.0,0.0,5.0,4.0,5.0,0.0,0.0,4.0,0.0,0.0,0.0
520,256.5,42.0,50.5,362.0,119.0,91.5,200.0,257.0,97.0,136.5,53.5,39.5,251.0,23.5,18.0,3.5,14.0,9.5,4.5,0.0
521,33.0,4.0,12.0,50.0,15.0,37.0,74.0,36.0,32.0,58.0,0.0,17.0,16.0,0.0,8.0,0.0,0.0,0.0,0.0,0.0
522,216.0,40.5,22.0,261.5,78.0,83.0,329.5,297.5,189.5,210.0,17.5,80.0,209.5,37.0,26.5,8.5,83.0,9.5,3.5,0.0
523,134.5,110.5,61.5,93.5,132.5,86.0,185.0,110.0,58.0,61.5,20.0,15.0,56.0,19.0,19.0,0.0,29.5,0.0,0.0,0.0
524,179.0,8.0,16.0,119.0,48.0,52.0,152.0,248.0,60.0,160.0,19.0,19.0,102.0,44.0,7.0,0.0,5.0,19.0,3.0,0.0
525,514.0,279.0,326.0,805.0,281.5,460.0,654.5,431.5,163.0,264.0,34.5,66.0,277.0,44.5,219.5,110.5,158.0,7.5,3.5,3.0
526,38.5,11.5,11.5,105.0,7.5,54.0,189.5,28.0,56.0,24.0,4.0,7.5,12.5,13.0,0.0,0.0,3.5,0.0,0.0,0.0
527,350.0,67.0,159.0,207.0,116.0,86.0,220.0,189.0,33.0,136.0,91.0,43.0,161.0,29.0,80.0,4.0,13.0,12.0,4.0,0.0
528,46.0,11.0,8.0,48.5,8.5,22.0,139.0,106.5,101.0,100.0,8.0,22.0,23.5,16.5,0.0,4.5,32.0,0.0,4.0,0.0
529,39.0,6.0,12.0,31.0,16.0,9.0,8.0,35.0,0.0,31.0,0.0,8.0,17.0,0.0,6.0,0.0,0.0,0.0,0.0,0.0
530,21.0,0.0,3.0,38.0,5.0,38.0,58.0,28.0,12.0,50.0,4.0,3.0,14.0,8.0,0.0,0.0,4.0,5.0,0.0,0.0
531,56.0,0.0,3.0,15.0,12.0,6.0,20.0,39.0,9.0,22.0,9.0,0.0,20.0,0.0,3.0,0.0,0.0,3.0,0.0,0.0
532,36.0,0.0,0.0,15.0,4.0,20.0,116.0,122.0,90.0,90.0,27.0,13.0,41.0,25.0,0.0,0.0,0.0,3.0,4.0,0.0
533,35.5,15.0,15.0,60.0,25.0,18.0,50.0,53.5,26.0,58.5,97.5,20.0,51.5,5.0,3.0,0.0,4.0,5.0,0.0,0.0
534,942.5,329.5,323.5,839.5,425.5,220.5,394.0,1100.5,229.0,473.0,133.0,83.5,606.0,69.5,88.5,0.0,278.5,26.0,4.5,0.0
535,2.0,5.0,0.0,46.0,1.0,23.0,29.0,13.0,11.0,9.0,6.0,7.0,4.0,0.0,6.0,0.0,0.0,0.0,0.0,0.0
536,24.0,0.0,0.0,46.0,0.0,11.0,84.0,33.0,14.0,48.0,11.0,6.0,17.0,15.0,0.0,0.0,5.0,10.0,0.0,0.0
537,44.0,0.0,0.0,58.5,36.5,8.5,89.0,68.0,81.0,65.5,5.0,9.0,19.0,9.5,0.0,5.0,27.0,4.5,0.0,0.0
538,55.0,38.0,51.0,94.0,32.0,52.0,52.0,14.0,4.5,0.0,0.0,4.0,10.0,2.5,61.0,0.0,22.5,4.5,0.0,0.0
539,65.0,45.0,52.0,110.5,36.0,26.0,35.5,45.0,18.5,2.0,8.5,0.0,9.0,3.5,3.5,0.0,4.5,0.0,0.0,0.0
540,63.0,3.5,7.5,49.0,25.5,9.5,43.5,92.5,39.5,70.5,18.5,23.0,53.5,5.0,4.0,0.0,12.5,0.0,5.0,0.0
541,81.0,33.0,35.0,116.0,20.0,66.0,119.0,94.0,49.0,100.0,18.0,19.0,29.0,15.0,17.0,0.0,6.0,17.0,0.0,0.0
542,86.5,55.0,65.0,185.0,55.5,69.0,150.5,86.5,74.5,114.0,21.0,37.0,84.5,5.0,41.0,2.5,14.0,3.5,0.0,0.0
543,55.0,35.0,40.0,208.0,35.0,92.0,95.0,71.0,63.0,60.0,30.0,18.0,54.0,7.0,15.0,0.0,20.0,4.0,0.0,0.0
544,26.0,3.0,3.0,26.0,3.0,18.0,37.0,34.0,4.0,33.0,5.0,7.0,13.0,0.0,0.0,5.0,0.0,0.0,0.0,0.0
545,13.5,0.0,9.0,23.0,2.5,8.5,15.5,28.5,17.5,34.5,3.0,11.0,18.0,11.5,0.0,0.0,3.5,2.5,0.0,0.0
546,33.0,2.0,7.0,42.0,8.0,15.0,55.0,63.0,19.0,63.0,78.0,8.0,53.0,4.0,4.0,0.0,0.0,0.0,0.0,0.0
547,0.0,0.0,0.0,24.0,10.0,25.0,48.0,11.0,11.0,21.0,0.0,9.0,10.0,8.0,3.0,7.0,0.0,0.0,5.0,0.0
548,27.5,0.0,0.0,31.5,4.0,17.0,55.5,48.0,21.5,19.5,0.0,3.5,18.0,9.5,0.0,3.5,5.0,0.0,0.0,0.0
549,23.0,0.0,1.0,0.0,9.5,0.0,37.0,57.5,32.0,34.0,0.0,10.0,24.0,9.0,0.0,0.0,9.0,0.0,0.0,0.0
550,58.5,15.5,12.5,25.0,8.0,12.0,47.5,63.5,25.5,34.0,0.0,5.0,66.0,12.0,0.0,0.0,31.0,0.0,0.0,0.0
551,196.5,23.0,21.5,78.0,42.5,45.0,175.0,292.5,109.5,207.0,12.5,47.5,132.5,45.0,0.0,4.0,61.5,0.0,4.0,0.0
552,166.5,44.5,57.0,268.0,80.5,104.0,270.5,171.5,87.5,124.0,32.0,45.5,101.0,45.5,53.5,0.0,4.0,9.5,11.0,0.0
553,27.5,0.0,0.0,84.5,4.0,44.5,225.5,77.0,208.5,153.0,0.0,29.5,17.5,4.0,0.0,19.0,0.0,0.0,4.0,0.0
554,52.0,51.0,76.0,124.0,52.0,122.0,184.0,41.0,27.0,47.0,22.0,12.0,27.0,18.0,129.0,0.0,7.0,6.0,0.0,0.0
555,352.0,32.0,112.0,984.0,154.0,333.0,699.0,482.0,228.0,424.0,240.0,109.0,434.0,70.0,38.0,3.0,4.0,36.0,6.0,0.0
556,108.0,10.0,26.5,13.0,105.0,14.0,26.5,49.5,0.0,14.5,8.0,12.0,17.0,0.0,9.0,0.0,45.0,0.0,0.0,0.0
557,62.0,14.0,13.0,24.5,18.5,12.0,23.5,53.5,14.5,28.5,4.5,5.0,26.0,7.5,0.5,0.0,4.5,0.0,0.0,0.0
558,50.0,13.0,27.0,67.0,50.0,55.0,123.0,42.0,36.0,70.0,13.0,21.0,12.0,18.0,10.0,0.0,0.0,0.0,0.0,0.0
559,140.0,54.0,80.0,191.0,65.0,90.0,150.0,192.0,59.0,132.0,16.0,18.0,93.0,17.0,43.0,0.0,10.0,6.0,0.0,0.0
560,369.5,122.0,71.5,575.5,197.5,270.5,741.0,558.0,308.5,473.5,81.5,159.0,359.0,58.5,58.5,38.0,80.5,36.0,9.0,4.0
561,577.5,106.5,139.0,604.0,248.0,180.0,568.5,815.0,302.5,503.5,143.0,139.5,462.5,129.5,35.5,0.0,146.5,21.0,23.0,0.0
562,148.5,48.0,64.5,344.0,86.5,225.5,479.5,197.5,167.5,289.5,227.5,80.5,134.5,31.5,21.0,4.0,31.0,6.5,7.5,0.0
563,97.0,63.0,118.5,461.0,93.0,383.5,314.5,46.5,30.5,34.0,20.5,10.5,34.5,15.0,90.0,0.0,29.5,0.0,0.0,0.0
564,52.5,1.0,6.5,522.0,20.0,177.0,132.0,105.5,86.5,46.5,3.5,16.0,29.0,7.5,3.5,0.0,6.0,4.0,0.0,0.0
565,20.0,3.0,7.0,46.0,3.0,26.0,41.0,25.0,30.0,46.0,0.0,14.0,5.0,9.0,3.0,0.0,3.0,5.0,0.0,0.0
566,65.0,6.0,10.0,111.0,19.0,92.0,123.0,76.0,33.0,78.0,5.0,13.0,33.0,27.0,6.0,0.0,5.0,15.0,0.0,0.0
567,308.5,175.0,118.5,226.0,139.0,76.0,390.5,277.5,62.5,173.5,43.5,62.5,251.0,49.5,18.0,2.5,123.5,15.5,4.0,8.0
568,14.5,0.0,5.5,42.0,3.5,16.0,63.5,3.0,14.5,21.5,5.0,5.0,6.5,13.5,10.0,0.0,0.0,4.5,0.0,0.0
569,40.0,8.0,8.0,27.0,4.0,15.0,21.0,45.0,29.0,44.0,0.0,3.0,13.0,3.0,8.0,0.0,4.0,4.0,0.0,0.0
570,222.5,28.0,46.0,199.0,85.5,130.5,295.0,255.5,103.0,215.5,39.5,69.0,189.5,35.0,6.5,0.0,14.5,3.0,0.0,0.0
571,20.0,4.0,0.0,50.0,32.0,14.0,37.0,27.0,4.0,110.0,260.0,31.0,56.0,0.0,3.0,0.0,0.0,0.0,1.0,0.0
572,123.0,22.0,24.0,217.0,23.0,175.0,356.0,125.0,100.0,117.0,13.0,60.0,59.0,91.0,8.0,0.0,4.0,28.0,6.0,0.0
573,436.5,106.0,117.5,415.5,158.0,103.0,368.5,613.0,257.0,444.5,112.5,118.0,298.0,73.5,37.0,17.0,120.5,10.5,8.5,0.0
574,33.0,9.0,11.0,31.0,6.0,12.0,36.0,29.0,21.0,38.0,5.0,5.0,12.0,9.0,9.0,0.0,8.0,0.0,0.0,0.0
575,8.0,1.0,1.0,80.0,8.0,22.0,40.0,11.0,23.0,26.0,9.0,3.0,4.0,3.0,0.0,1.0,0.0,0.0,0.0,0.0
576,21.0,7.0,4.0,32.0,19.0,7.0,15.5,28.5,9.5,20.5,12.5,3.5,20.0,0.0,0.0,0.0,0.0,0.0,0.0,0.0
577,213.0,7.0,35.0,121.0,30.0,89.0,312.0,249.0,72.0,122.0,34.0,26.0,152.0,94.0,11.0,0.0,0.0,15.0,0.0,0.0
578,5.0,0.0,3.5,39.0,10.0,60.5,79.0,10.0,5.0,18.0,5.5,5.0,0.0,0.0,0.0,0.0,0.0,0.0,0.0,0.0
579,64.0,68.0,75.0,123.0,31.0,99.0,138.0,79.0,18.0,60.0,7.0,20.0,43.0,22.0,47.0,0.0,10.0,0.0,0.0,0.0
580,425.0,60.0,70.5,333.5,127.5,212.5,702.0,631.0,353.0,608.5,115.5,162.0,524.0,79.0,23.0,11.5,50.0,42.5,15.0,0.0
581,62.0,21.5,26.5,30.5,43.5,38.0,105.0,30.0,22.5,33.0,4.5,13.5,38.5,23.0,0.0,0.0,18.0,0.0,0.0,0.0
582,108.5,31.0,21.0,31.0,43.5,11.5,79.5,130.5,33.5,82.5,8.0,28.5,94.5,11.5,0.0,0.0,99.0,4.5,0.0,0.0
583,30.5,38.0,45.5,151.0,28.0,86.0,45.5,3.0,15.5,6.5,8.5,0.0,0.0,4.0,30.0,0.0,8.0,0.0,0.0,0.0
584,85.0,24.0,44.0,119.0,30.0,74.0,134.0,124.0,47.0,129.0,15.0,24.0,55.0,15.0,23.0,0.0,15.0,5.0,0.0,0.0
585,12.5,8.0,5.0,69.0,4.0,8.5,192.0,38.5,142.5,95.5,0.0,37.0,13.0,9.0,0.0,4.5,8.0,0.0,4.0,0.0
586,524.5,230.5,239.0,281.0,206.0,87.0,200.0,504.0,93.0,212.0,21.0,34.0,308.0,34.5,27.0,0.0,159.0,13.0,0.0,5.0
587,111.0,13.0,35.0,442.0,46.0,219.0,322.0,99.0,85.0,81.0,6.0,38.0,93.0,26.0,25.0,0.0,0.0,22.0,7.0,0.0
588,31.0,3.0,3.0,39.0,1.0,15.0,100.0,64.0,68.0,86.0,10.0,17.0,16.0,16.0,3.0,0.0,6.0,6.0,0.0,0.0
589,25.0,0.0,10.0,39.0,9.0,32.0,105.0,20.0,35.0,61.0,5.0,6.0,13.0,13.0,0.0,5.0,4.0,5.0,0.0,0.0
590,652.5,121.0,234.5,816.5,269.5,402.0,1084.5,794.5,432.5,652.0,134.5,228.5,374.0,183.5,132.5,7.5,82.0,92.5,84.5,0.0
591,56.0,19.0,16.0,66.0,7.0,25.0,76.0,57.0,9.0,41.0,14.0,18.0,40.0,4.0,3.0,0.0,0.0,5.0,0.0,0.0
592,111.0,23.0,34.0,131.0,46.0,57.0,100.0,148.0,66.0,119.0,20.0,16.0,58.0,14.0,19.0,0.0,15.0,23.0,0.0,0.0
593,98.0,22.0,36.0,129.0,44.5,130.5,175.0,83.0,61.0,54.0,4.0,18.0,37.0,20.5,24.5,0.0,19.0,0.0,4.0,0.0
594,166.5,23.0,61.0,375.0,64.5,389.0,327.5,368.0,89.5,217.0,70.0,30.5,150.5,25.5,35.5,4.5,18.5,4.0,0.0,0.0
595,13.0,9.0,9.0,28.0,15.0,26.0,44.0,12.0,13.0,22.0,0.0,8.0,18.0,0.0,4.0,0.0,0.0,0.0,0.0,0.0
596,556.5,195.0,174.5,403.5,275.0,223.5,485.5,654.5,196.5,320.5,72.0,137.5,469.0,31.5,74.5,8.5,161.5,12.0,8.0,6.0
597,295.0,36.0,85.0,838.0,134.0,366.0,787.0,452.0,298.0,409.0,70.0,152.0,154.0,98.0,65.0,10.0,0.0,32.0,46.0,0.0
598,29.5,2.0,2.0,31.5,13.5,40.5,39.0,21.5,13.5,19.5,0.5,10.0,20.0,0.0,1.0,0.0,10.0,0.0,0.0,0.0
599,1234.0,475.0,398.0,2361.5,663.0,978.5,2851.5,2074.0,1178.5,1614.0,470.0,461.0,1154.0,243.5,180.5,159.5,152.5,130.0,92.5,12.0
600,491.5,199.5,341.0,1174.0,442.5,504.0,907.0,351.0,223.0,372.0,188.5,114.5,288.0,56.0,203.0,46.0,29.0,37.5,12.0,0.0
601,177.5,96.0,82.0,87.0,86.0,70.0,217.0,161.5,77.5,110.0,4.5,55.0,86.0,36.5,0.0,4.0,45.0,4.0,0.0,9.5
602,93.0,8.0,24.0,132.0,26.0,81.0,224.0,150.0,104.0,188.0,11.0,38.0,50.0,28.0,8.0,3.0,8.0,15.0,7.0,0.0
603,312.0,9.0,50.0,1074.0,167.0,745.0,1953.0,486.0,539.0,690.0,265.0,275.0,254.0,109.0,113.0,108.0,0.0,75.0,98.0,0.0
604,69.0,24.0,47.0,94.0,41.0,43.0,136.0,116.0,69.0,110.0,80.0,15.0,61.0,6.0,13.0,0.0,7.0,7.0,0.0,0.0
605,346.0,76.5,170.0,290.0,435.0,196.5,184.0,222.5,33.5,73.0,43.0,27.5,85.5,25.0,80.0,3.0,51.5,10.0,0.0,0.0
606,515.0,156.0,169.0,1501.0,349.0,1328.0,2644.0,480.0,486.0,701.5,174.0,345.0,281.0,246.5,164.0,19.0,49.0,58.0,30.5,0.0
607,156.0,20.0,65.0,183.0,75.0,102.0,329.0,268.0,103.0,251.0,144.0,79.0,117.0,25.0,18.0,0.0,5.0,8.0,0.0,0.0
608,583.0,171.5,216.5,971.5,333.0,306.0,962.5,922.5,527.5,916.0,322.0,245.0,550.5,68.0,91.0,18.0,48.0,29.0,15.0,0.0
609,32.0,3.0,6.0,23.0,3.0,16.0,64.0,34.0,21.0,46.0,7.0,0.0,15.0,14.0,0.0,6.0,3.0,4.0,0.0,0.0
610,989.5,257.5,204.5,1533.5,542.5,444.0,1856.0,1861.5,1037.5,1822.5,1062.5,452.0,918.5,177.5,55.0,21.0,297.5,123.5,43.5,0.0
